Record Length,2.500000e+03,,  -1.250000000000,   0.50000,
Sample Interval,1.000000e-03,,  -1.249000000000,   0.50000,
Trigger Point,1.250000000000e+03,,  -1.248000000000,   0.50400,
,,,  -1.247000000000,   0.50000,
,,,  -1.246000000000,   0.49600,
,,,  -1.245000000000,   0.50000,
Source,CH2,,  -1.244000000000,   0.49600,
Vertical Units,V,,  -1.243000000000,   0.49600,
Vertical Scale,1.000000e-01,,  -1.242000000000,   0.49600,
Vertical Offset,-7.440000e-01,,  -1.241000000000,   0.49200,
Horizontal Units,s,,  -1.240000000000,   0.50000,
Horizontal Scale,2.500000e-01,,  -1.239000000000,   0.50000,
Pt Fmt,Y,,  -1.238000000000,   0.49200,
Yzero,0.000000e+00,,  -1.237000000000,   0.50000,
Probe Atten,1.000000e+00,,  -1.236000000000,   0.50800,
Model Number,TDS1012B,,  -1.235000000000,   0.50000,
Serial Number,C010475,,  -1.234000000000,   0.50000,
Firmware Version,FV:v22.01,,  -1.233000000000,   0.50000,
,,,-01.232000000000,   0.49600,
,,,-01.231000000000,   0.50400,
,,,-01.230000000000,   0.50000,
,,,-01.229000000000,   0.49600,
,,,-01.228000000000,   0.50000,
,,,-01.227000000000,   0.49600,
,,,-01.226000000000,   0.50000,
,,,-01.225000000000,   0.50000,
,,,-01.224000000000,   0.50000,
,,,-01.223000000000,   0.50400,
,,,-01.222000000000,   0.51200,
,,,-01.221000000000,   0.50400,
,,,-01.220000000000,   0.50800,
,,,-01.219000000000,   0.50800,
,,,-01.218000000000,   0.50400,
,,,-01.217000000000,   0.50800,
,,,-01.216000000000,   0.51200,
,,,-01.215000000000,   0.50800,
,,,-01.214000000000,   0.50800,
,,,-01.213000000000,   0.50800,
,,,-01.212000000000,   0.51600,
,,,-01.211000000000,   0.51200,
,,,-01.210000000000,   0.50800,
,,,-01.209000000000,   0.51200,
,,,-01.208000000000,   0.51600,
,,,-01.207000000000,   0.50800,
,,,-01.206000000000,   0.51600,
,,,-01.205000000000,   0.51600,
,,,-01.204000000000,   0.51600,
,,,-01.203000000000,   0.51600,
,,,-01.202000000000,   0.52000,
,,,-01.201000000000,   0.52000,
,,,-01.200000000000,   0.51600,
,,,-01.199000000000,   0.52400,
,,,-01.198000000000,   0.51600,
,,,-01.197000000000,   0.52400,
,,,-01.196000000000,   0.52400,
,,,-01.195000000000,   0.52000,
,,,-01.194000000000,   0.52000,
,,,-01.193000000000,   0.52400,
,,,-01.192000000000,   0.52400,
,,,-01.191000000000,   0.52400,
,,,-01.190000000000,   0.52400,
,,,-01.189000000000,   0.52800,
,,,-01.188000000000,   0.52400,
,,,-01.187000000000,   0.53200,
,,,-01.186000000000,   0.52800,
,,,-01.185000000000,   0.52800,
,,,-01.184000000000,   0.53200,
,,,-01.183000000000,   0.52400,
,,,-01.182000000000,   0.52800,
,,,-01.181000000000,   0.53600,
,,,-01.180000000000,   0.53200,
,,,-01.179000000000,   0.53600,
,,,-01.178000000000,   0.53600,
,,,-01.177000000000,   0.53200,
,,,-01.176000000000,   0.53600,
,,,-01.175000000000,   0.53600,
,,,-01.174000000000,   0.54000,
,,,-01.173000000000,   0.54400,
,,,-01.172000000000,   0.54000,
,,,-01.171000000000,   0.54400,
,,,-01.170000000000,   0.54000,
,,,-01.169000000000,   0.54000,
,,,-01.168000000000,   0.54000,
,,,-01.167000000000,   0.54400,
,,,-01.166000000000,   0.55200,
,,,-01.165000000000,   0.54400,
,,,-01.164000000000,   0.54400,
,,,-01.163000000000,   0.54800,
,,,-01.162000000000,   0.54800,
,,,-01.161000000000,   0.54400,
,,,-01.160000000000,   0.54800,
,,,-01.159000000000,   0.55200,
,,,-01.158000000000,   0.54800,
,,,-01.157000000000,   0.55600,
,,,-01.156000000000,   0.54800,
,,,-01.155000000000,   0.55200,
,,,-01.154000000000,   0.54800,
,,,-01.153000000000,   0.55600,
,,,-01.152000000000,   0.55600,
,,,-01.151000000000,   0.55200,
,,,-01.150000000000,   0.55600,
,,,-01.149000000000,   0.55200,
,,,-01.148000000000,   0.56000,
,,,-01.147000000000,   0.56400,
,,,-01.146000000000,   0.55600,
,,,-01.145000000000,   0.55600,
,,,-01.144000000000,   0.56000,
,,,-01.143000000000,   0.55600,
,,,-01.142000000000,   0.59200,
,,,-01.141000000000,   0.56000,
,,,-01.140000000000,   0.56000,
,,,-01.139000000000,   0.56400,
,,,-01.138000000000,   0.56800,
,,,-01.137000000000,   0.56800,
,,,-01.136000000000,   0.56000,
,,,-01.135000000000,   0.57200,
,,,-01.134000000000,   0.57200,
,,,-01.133000000000,   0.56800,
,,,-01.132000000000,   0.56800,
,,,-01.131000000000,   0.56800,
,,,-01.130000000000,   0.56800,
,,,-01.129000000000,   0.57200,
,,,-01.128000000000,   0.57600,
,,,-01.127000000000,   0.57200,
,,,-01.126000000000,   0.57200,
,,,-01.125000000000,   0.58000,
,,,-01.124000000000,   0.57200,
,,,-01.123000000000,   0.58000,
,,,-01.122000000000,   0.58000,
,,,-01.121000000000,   0.58000,
,,,-01.120000000000,   0.58000,
,,,-01.119000000000,   0.58000,
,,,-01.118000000000,   0.57600,
,,,-01.117000000000,   0.58800,
,,,-01.116000000000,   0.58400,
,,,-01.115000000000,   0.58400,
,,,-01.114000000000,   0.58800,
,,,-01.113000000000,   0.59200,
,,,-01.112000000000,   0.58800,
,,,-01.111000000000,   0.58400,
,,,-01.110000000000,   0.59200,
,,,-01.109000000000,   0.58800,
,,,-01.108000000000,   0.58800,
,,,-01.107000000000,   0.59200,
,,,-01.106000000000,   0.59200,
,,,-01.105000000000,   0.59600,
,,,-01.104000000000,   0.60000,
,,,-01.103000000000,   0.59600,
,,,-01.102000000000,   0.60000,
,,,-01.101000000000,   0.60000,
,,,-01.100000000000,   0.60400,
,,,-01.099000000000,   0.60000,
,,,-01.098000000000,   0.60800,
,,,-01.097000000000,   0.60400,
,,,-01.096000000000,   0.60000,
,,,-01.095000000000,   0.60400,
,,,-01.094000000000,   0.60800,
,,,-01.093000000000,   0.60000,
,,,-01.092000000000,   0.60000,
,,,-01.091000000000,   0.60800,
,,,-01.090000000000,   0.61200,
,,,-01.089000000000,   0.60800,
,,,-01.088000000000,   0.60400,
,,,-01.087000000000,   0.60400,
,,,-01.086000000000,   0.60800,
,,,-01.085000000000,   0.60400,
,,,-01.084000000000,   0.61200,
,,,-01.083000000000,   0.61200,
,,,-01.082000000000,   0.62000,
,,,-01.081000000000,   0.61600,
,,,-01.080000000000,   0.61200,
,,,-01.079000000000,   0.61600,
,,,-01.078000000000,   0.61200,
,,,-01.077000000000,   0.61600,
,,,-01.076000000000,   0.62000,
,,,-01.075000000000,   0.61600,
,,,-01.074000000000,   0.61600,
,,,-01.073000000000,   0.61600,
,,,-01.072000000000,   0.62800,
,,,-01.071000000000,   0.61600,
,,,-01.070000000000,   0.62000,
,,,-01.069000000000,   0.62800,
,,,-01.068000000000,   0.62800,
,,,-01.067000000000,   0.62800,
,,,-01.066000000000,   0.62800,
,,,-01.065000000000,   0.62000,
,,,-01.064000000000,   0.62800,
,,,-01.063000000000,   0.63200,
,,,-01.062000000000,   0.62800,
,,,-01.061000000000,   0.62800,
,,,-01.060000000000,   0.63200,
,,,-01.059000000000,   0.63200,
,,,-01.058000000000,   0.64000,
,,,-01.057000000000,   0.63200,
,,,-01.056000000000,   0.62800,
,,,-01.055000000000,   0.62800,
,,,-01.054000000000,   0.63200,
,,,-01.053000000000,   0.62000,
,,,-01.052000000000,   0.62800,
,,,-01.051000000000,   0.62800,
,,,-01.050000000000,   0.62800,
,,,-01.049000000000,   0.63200,
,,,-01.048000000000,   0.62400,
,,,-01.047000000000,   0.62800,
,,,-01.046000000000,   0.62000,
,,,-01.045000000000,   0.62000,
,,,-01.044000000000,   0.61600,
,,,-01.043000000000,   0.62400,
,,,-01.042000000000,   0.61600,
,,,-01.041000000000,   0.61600,
,,,-01.040000000000,   0.61600,
,,,-01.039000000000,   0.61600,
,,,-01.038000000000,   0.62000,
,,,-01.037000000000,   0.61600,
,,,-01.036000000000,   0.61200,
,,,-01.035000000000,   0.61600,
,,,-01.034000000000,   0.61200,
,,,-01.033000000000,   0.61600,
,,,-01.032000000000,   0.62000,
,,,-01.031000000000,   0.60400,
,,,-01.030000000000,   0.61200,
,,,-01.029000000000,   0.61200,
,,,-01.028000000000,   0.61200,
,,,-01.027000000000,   0.60800,
,,,-01.026000000000,   0.61200,
,,,-01.025000000000,   0.60000,
,,,-01.024000000000,   0.60800,
,,,-01.023000000000,   0.60000,
,,,-01.022000000000,   0.60400,
,,,-01.021000000000,   0.60000,
,,,-01.020000000000,   0.60000,
,,,-01.019000000000,   0.60000,
,,,-01.018000000000,   0.60400,
,,,-01.017000000000,   0.60400,
,,,-01.016000000000,   0.60000,
,,,-01.015000000000,   0.59600,
,,,-01.014000000000,   0.59200,
,,,-01.013000000000,   0.59600,
,,,-01.012000000000,   0.59200,
,,,-01.011000000000,   0.59200,
,,,-01.010000000000,   0.59200,
,,,-01.009000000000,   0.59200,
,,,-01.008000000000,   0.59200,
,,,-01.007000000000,   0.59200,
,,,-01.006000000000,   0.58800,
,,,-01.005000000000,   0.58800,
,,,-01.004000000000,   0.59200,
,,,-01.003000000000,   0.58800,
,,,-01.002000000000,   0.59200,
,,,-01.001000000000,   0.58800,
,,,-01.000000000000,   0.58800,
,,,-00.999000000000,   0.58400,
,,,-00.998000000000,   0.58400,
,,,-00.997000000000,   0.58400,
,,,-00.996000000000,   0.58000,
,,,-00.995000000000,   0.57200,
,,,-00.994000000000,   0.57600,
,,,-00.993000000000,   0.58000,
,,,-00.992000000000,   0.58000,
,,,-00.991000000000,   0.57200,
,,,-00.990000000000,   0.57200,
,,,-00.989000000000,   0.57600,
,,,-00.988000000000,   0.57200,
,,,-00.987000000000,   0.57600,
,,,-00.986000000000,   0.58000,
,,,-00.985000000000,   0.57600,
,,,-00.984000000000,   0.57200,
,,,-00.983000000000,   0.57200,
,,,-00.982000000000,   0.57200,
,,,-00.981000000000,   0.57200,
,,,-00.980000000000,   0.56800,
,,,-00.979000000000,   0.56800,
,,,-00.978000000000,   0.56800,
,,,-00.977000000000,   0.57200,
,,,-00.976000000000,   0.56800,
,,,-00.975000000000,   0.56800,
,,,-00.974000000000,   0.56400,
,,,-00.973000000000,   0.56400,
,,,-00.972000000000,   0.56400,
,,,-00.971000000000,   0.56400,
,,,-00.970000000000,   0.56000,
,,,-00.969000000000,   0.56400,
,,,-00.968000000000,   0.56000,
,,,-00.967000000000,   0.56400,
,,,-00.966000000000,   0.56000,
,,,-00.965000000000,   0.56000,
,,,-00.964000000000,   0.55600,
,,,-00.963000000000,   0.55600,
,,,-00.962000000000,   0.56000,
,,,-00.961000000000,   0.56000,
,,,-00.960000000000,   0.55600,
,,,-00.959000000000,   0.55600,
,,,-00.958000000000,   0.54800,
,,,-00.957000000000,   0.55200,
,,,-00.956000000000,   0.55200,
,,,-00.955000000000,   0.54400,
,,,-00.954000000000,   0.54400,
,,,-00.953000000000,   0.54400,
,,,-00.952000000000,   0.54400,
,,,-00.951000000000,   0.54800,
,,,-00.950000000000,   0.54800,
,,,-00.949000000000,   0.55200,
,,,-00.948000000000,   0.54400,
,,,-00.947000000000,   0.54400,
,,,-00.946000000000,   0.54400,
,,,-00.945000000000,   0.54000,
,,,-00.944000000000,   0.54400,
,,,-00.943000000000,   0.54000,
,,,-00.942000000000,   0.54000,
,,,-00.941000000000,   0.53200,
,,,-00.940000000000,   0.53600,
,,,-00.939000000000,   0.53600,
,,,-00.938000000000,   0.54000,
,,,-00.937000000000,   0.53600,
,,,-00.936000000000,   0.53200,
,,,-00.935000000000,   0.53600,
,,,-00.934000000000,   0.53600,
,,,-00.933000000000,   0.53600,
,,,-00.932000000000,   0.53600,
,,,-00.931000000000,   0.52400,
,,,-00.930000000000,   0.52800,
,,,-00.929000000000,   0.53200,
,,,-00.928000000000,   0.53600,
,,,-00.927000000000,   0.52800,
,,,-00.926000000000,   0.52400,
,,,-00.925000000000,   0.52000,
,,,-00.924000000000,   0.52400,
,,,-00.923000000000,   0.52400,
,,,-00.922000000000,   0.51600,
,,,-00.921000000000,   0.52400,
,,,-00.920000000000,   0.53200,
,,,-00.919000000000,   0.52400,
,,,-00.918000000000,   0.52400,
,,,-00.917000000000,   0.52000,
,,,-00.916000000000,   0.52400,
,,,-00.915000000000,   0.52000,
,,,-00.914000000000,   0.52000,
,,,-00.913000000000,   0.51600,
,,,-00.912000000000,   0.51600,
,,,-00.911000000000,   0.52000,
,,,-00.910000000000,   0.51600,
,,,-00.909000000000,   0.51600,
,,,-00.908000000000,   0.51600,
,,,-00.907000000000,   0.51600,
,,,-00.906000000000,   0.51200,
,,,-00.905000000000,   0.51600,
,,,-00.904000000000,   0.51200,
,,,-00.903000000000,   0.51600,
,,,-00.902000000000,   0.51200,
,,,-00.901000000000,   0.51200,
,,,-00.900000000000,   0.51200,
,,,-00.899000000000,   0.50800,
,,,-00.898000000000,   0.50800,
,,,-00.897000000000,   0.50400,
,,,-00.896000000000,   0.51200,
,,,-00.895000000000,   0.50800,
,,,-00.894000000000,   0.50400,
,,,-00.893000000000,   0.50800,
,,,-00.892000000000,   0.50400,
,,,-00.891000000000,   0.50400,
,,,-00.890000000000,   0.50000,
,,,-00.889000000000,   0.50000,
,,,-00.888000000000,   0.50800,
,,,-00.887000000000,   0.50000,
,,,-00.886000000000,   0.50400,
,,,-00.885000000000,   0.50400,
,,,-00.884000000000,   0.50400,
,,,-00.883000000000,   0.50000,
,,,-00.882000000000,   0.50000,
,,,-00.881000000000,   0.49600,
,,,-00.880000000000,   0.50000,
,,,-00.879000000000,   0.50400,
,,,-00.878000000000,   0.49600,
,,,-00.877000000000,   0.50000,
,,,-00.876000000000,   0.50000,
,,,-00.875000000000,   0.49600,
,,,-00.874000000000,   0.49200,
,,,-00.873000000000,   0.50000,
,,,-00.872000000000,   0.49600,
,,,-00.871000000000,   0.50000,
,,,-00.870000000000,   0.49600,
,,,-00.869000000000,   0.50000,
,,,-00.868000000000,   0.50000,
,,,-00.867000000000,   0.50000,
,,,-00.866000000000,   0.50000,
,,,-00.865000000000,   0.50000,
,,,-00.864000000000,   0.50000,
,,,-00.863000000000,   0.51200,
,,,-00.862000000000,   0.50800,
,,,-00.861000000000,   0.49600,
,,,-00.860000000000,   0.50400,
,,,-00.859000000000,   0.50400,
,,,-00.858000000000,   0.50400,
,,,-00.857000000000,   0.50400,
,,,-00.856000000000,   0.50000,
,,,-00.855000000000,   0.50800,
,,,-00.854000000000,   0.51200,
,,,-00.853000000000,   0.50800,
,,,-00.852000000000,   0.51200,
,,,-00.851000000000,   0.51200,
,,,-00.850000000000,   0.51200,
,,,-00.849000000000,   0.51200,
,,,-00.848000000000,   0.50800,
,,,-00.847000000000,   0.50800,
,,,-00.846000000000,   0.50800,
,,,-00.845000000000,   0.50800,
,,,-00.844000000000,   0.50400,
,,,-00.843000000000,   0.50400,
,,,-00.842000000000,   0.50400,
,,,-00.841000000000,   0.50000,
,,,-00.840000000000,   0.50000,
,,,-00.839000000000,   0.50000,
,,,-00.838000000000,   0.50000,
,,,-00.837000000000,   0.49600,
,,,-00.836000000000,   0.50000,
,,,-00.835000000000,   0.49200,
,,,-00.834000000000,   0.49200,
,,,-00.833000000000,   0.49200,
,,,-00.832000000000,   0.48800,
,,,-00.831000000000,   0.48800,
,,,-00.830000000000,   0.49200,
,,,-00.829000000000,   0.48800,
,,,-00.828000000000,   0.48400,
,,,-00.827000000000,   0.48800,
,,,-00.826000000000,   0.48400,
,,,-00.825000000000,   0.47600,
,,,-00.824000000000,   0.47600,
,,,-00.823000000000,   0.48400,
,,,-00.822000000000,   0.48000,
,,,-00.821000000000,   0.47200,
,,,-00.820000000000,   0.48400,
,,,-00.819000000000,   0.48000,
,,,-00.818000000000,   0.47200,
,,,-00.817000000000,   0.47200,
,,,-00.816000000000,   0.47200,
,,,-00.815000000000,   0.46800,
,,,-00.814000000000,   0.46800,
,,,-00.813000000000,   0.47200,
,,,-00.812000000000,   0.47200,
,,,-00.811000000000,   0.46800,
,,,-00.810000000000,   0.46800,
,,,-00.809000000000,   0.46800,
,,,-00.808000000000,   0.46000,
,,,-00.807000000000,   0.46400,
,,,-00.806000000000,   0.46400,
,,,-00.805000000000,   0.46400,
,,,-00.804000000000,   0.46800,
,,,-00.803000000000,   0.46800,
,,,-00.802000000000,   0.47200,
,,,-00.801000000000,   0.46400,
,,,-00.800000000000,   0.46800,
,,,-00.799000000000,   0.46400,
,,,-00.798000000000,   0.46800,
,,,-00.797000000000,   0.46400,
,,,-00.796000000000,   0.46000,
,,,-00.795000000000,   0.46000,
,,,-00.794000000000,   0.46400,
,,,-00.793000000000,   0.46000,
,,,-00.792000000000,   0.45600,
,,,-00.791000000000,   0.46000,
,,,-00.790000000000,   0.45600,
,,,-00.789000000000,   0.46400,
,,,-00.788000000000,   0.46800,
,,,-00.787000000000,   0.45600,
,,,-00.786000000000,   0.46400,
,,,-00.785000000000,   0.46400,
,,,-00.784000000000,   0.46000,
,,,-00.783000000000,   0.46400,
,,,-00.782000000000,   0.45600,
,,,-00.781000000000,   0.46000,
,,,-00.780000000000,   0.45600,
,,,-00.779000000000,   0.45600,
,,,-00.778000000000,   0.46000,
,,,-00.777000000000,   0.45600,
,,,-00.776000000000,   0.45600,
,,,-00.775000000000,   0.45600,
,,,-00.774000000000,   0.45600,
,,,-00.773000000000,   0.46000,
,,,-00.772000000000,   0.45600,
,,,-00.771000000000,   0.46000,
,,,-00.770000000000,   0.45600,
,,,-00.769000000000,   0.45600,
,,,-00.768000000000,   0.45600,
,,,-00.767000000000,   0.46000,
,,,-00.766000000000,   0.45600,
,,,-00.765000000000,   0.45600,
,,,-00.764000000000,   0.46000,
,,,-00.763000000000,   0.46000,
,,,-00.762000000000,   0.46000,
,,,-00.761000000000,   0.45600,
,,,-00.760000000000,   0.46000,
,,,-00.759000000000,   0.45600,
,,,-00.758000000000,   0.45600,
,,,-00.757000000000,   0.46000,
,,,-00.756000000000,   0.45600,
,,,-00.755000000000,   0.45600,
,,,-00.754000000000,   0.45600,
,,,-00.753000000000,   0.46400,
,,,-00.752000000000,   0.46000,
,,,-00.751000000000,   0.45600,
,,,-00.750000000000,   0.46000,
,,,-00.749000000000,   0.46000,
,,,-00.748000000000,   0.46400,
,,,-00.747000000000,   0.45600,
,,,-00.746000000000,   0.46000,
,,,-00.745000000000,   0.46000,
,,,-00.744000000000,   0.46000,
,,,-00.743000000000,   0.46000,
,,,-00.742000000000,   0.45600,
,,,-00.741000000000,   0.46000,
,,,-00.740000000000,   0.46000,
,,,-00.739000000000,   0.46400,
,,,-00.738000000000,   0.46400,
,,,-00.737000000000,   0.46000,
,,,-00.736000000000,   0.45600,
,,,-00.735000000000,   0.45600,
,,,-00.734000000000,   0.46400,
,,,-00.733000000000,   0.46000,
,,,-00.732000000000,   0.46400,
,,,-00.731000000000,   0.46000,
,,,-00.730000000000,   0.46000,
,,,-00.729000000000,   0.46400,
,,,-00.728000000000,   0.46400,
,,,-00.727000000000,   0.45600,
,,,-00.726000000000,   0.46800,
,,,-00.725000000000,   0.46000,
,,,-00.724000000000,   0.45600,
,,,-00.723000000000,   0.45600,
,,,-00.722000000000,   0.46400,
,,,-00.721000000000,   0.46400,
,,,-00.720000000000,   0.46400,
,,,-00.719000000000,   0.46000,
,,,-00.718000000000,   0.46000,
,,,-00.717000000000,   0.47200,
,,,-00.716000000000,   0.46400,
,,,-00.715000000000,   0.45600,
,,,-00.714000000000,   0.46800,
,,,-00.713000000000,   0.46400,
,,,-00.712000000000,   0.46400,
,,,-00.711000000000,   0.46400,
,,,-00.710000000000,   0.46000,
,,,-00.709000000000,   0.46800,
,,,-00.708000000000,   0.46000,
,,,-00.707000000000,   0.46400,
,,,-00.706000000000,   0.46400,
,,,-00.705000000000,   0.46000,
,,,-00.704000000000,   0.46400,
,,,-00.703000000000,   0.46000,
,,,-00.702000000000,   0.46400,
,,,-00.701000000000,   0.46400,
,,,-00.700000000000,   0.46400,
,,,-00.699000000000,   0.46800,
,,,-00.698000000000,   0.46400,
,,,-00.697000000000,   0.46400,
,,,-00.696000000000,   0.46800,
,,,-00.695000000000,   0.47600,
,,,-00.694000000000,   0.44800,
,,,-00.693000000000,   0.46000,
,,,-00.692000000000,   0.46400,
,,,-00.691000000000,   0.46400,
,,,-00.690000000000,   0.46400,
,,,-00.689000000000,   0.46800,
,,,-00.688000000000,   0.46800,
,,,-00.687000000000,   0.46400,
,,,-00.686000000000,   0.46800,
,,,-00.685000000000,   0.46400,
,,,-00.684000000000,   0.46800,
,,,-00.683000000000,   0.46800,
,,,-00.682000000000,   0.46800,
,,,-00.681000000000,   0.46800,
,,,-00.680000000000,   0.46800,
,,,-00.679000000000,   0.46800,
,,,-00.678000000000,   0.46800,
,,,-00.677000000000,   0.46800,
,,,-00.676000000000,   0.47200,
,,,-00.675000000000,   0.46800,
,,,-00.674000000000,   0.46400,
,,,-00.673000000000,   0.47200,
,,,-00.672000000000,   0.47200,
,,,-00.671000000000,   0.46800,
,,,-00.670000000000,   0.46800,
,,,-00.669000000000,   0.47200,
,,,-00.668000000000,   0.47200,
,,,-00.667000000000,   0.47200,
,,,-00.666000000000,   0.47200,
,,,-00.665000000000,   0.47200,
,,,-00.664000000000,   0.47200,
,,,-00.663000000000,   0.47600,
,,,-00.662000000000,   0.47200,
,,,-00.661000000000,   0.47200,
,,,-00.660000000000,   0.47600,
,,,-00.659000000000,   0.47600,
,,,-00.658000000000,   0.47200,
,,,-00.657000000000,   0.48000,
,,,-00.656000000000,   0.48000,
,,,-00.655000000000,   0.48400,
,,,-00.654000000000,   0.48000,
,,,-00.653000000000,   0.48400,
,,,-00.652000000000,   0.48400,
,,,-00.651000000000,   0.48000,
,,,-00.650000000000,   0.48400,
,,,-00.649000000000,   0.48800,
,,,-00.648000000000,   0.48400,
,,,-00.647000000000,   0.49600,
,,,-00.646000000000,   0.48800,
,,,-00.645000000000,   0.48800,
,,,-00.644000000000,   0.48800,
,,,-00.643000000000,   0.49200,
,,,-00.642000000000,   0.48800,
,,,-00.641000000000,   0.49200,
,,,-00.640000000000,   0.49600,
,,,-00.639000000000,   0.49200,
,,,-00.638000000000,   0.49600,
,,,-00.637000000000,   0.50000,
,,,-00.636000000000,   0.50000,
,,,-00.635000000000,   0.49600,
,,,-00.634000000000,   0.50000,
,,,-00.633000000000,   0.50400,
,,,-00.632000000000,   0.50000,
,,,-00.631000000000,   0.50000,
,,,-00.630000000000,   0.49600,
,,,-00.629000000000,   0.50400,
,,,-00.628000000000,   0.50400,
,,,-00.627000000000,   0.50000,
,,,-00.626000000000,   0.50000,
,,,-00.625000000000,   0.50000,
,,,-00.624000000000,   0.50000,
,,,-00.623000000000,   0.51600,
,,,-00.622000000000,   0.49600,
,,,-00.621000000000,   0.50000,
,,,-00.620000000000,   0.50400,
,,,-00.619000000000,   0.50400,
,,,-00.618000000000,   0.50400,
,,,-00.617000000000,   0.50800,
,,,-00.616000000000,   0.50000,
,,,-00.615000000000,   0.50000,
,,,-00.614000000000,   0.50000,
,,,-00.613000000000,   0.50400,
,,,-00.612000000000,   0.50000,
,,,-00.611000000000,   0.50400,
,,,-00.610000000000,   0.50400,
,,,-00.609000000000,   0.50400,
,,,-00.608000000000,   0.50000,
,,,-00.607000000000,   0.50000,
,,,-00.606000000000,   0.50800,
,,,-00.605000000000,   0.50800,
,,,-00.604000000000,   0.50800,
,,,-00.603000000000,   0.50800,
,,,-00.602000000000,   0.50000,
,,,-00.601000000000,   0.50800,
,,,-00.600000000000,   0.50800,
,,,-00.599000000000,   0.51200,
,,,-00.598000000000,   0.50800,
,,,-00.597000000000,   0.50800,
,,,-00.596000000000,   0.49600,
,,,-00.595000000000,   0.50000,
,,,-00.594000000000,   0.50000,
,,,-00.593000000000,   0.50000,
,,,-00.592000000000,   0.50000,
,,,-00.591000000000,   0.50000,
,,,-00.590000000000,   0.50000,
,,,-00.589000000000,   0.50400,
,,,-00.588000000000,   0.50000,
,,,-00.587000000000,   0.49200,
,,,-00.586000000000,   0.49600,
,,,-00.585000000000,   0.49600,
,,,-00.584000000000,   0.50000,
,,,-00.583000000000,   0.50400,
,,,-00.582000000000,   0.49600,
,,,-00.581000000000,   0.49600,
,,,-00.580000000000,   0.49600,
,,,-00.579000000000,   0.49600,
,,,-00.578000000000,   0.49600,
,,,-00.577000000000,   0.49200,
,,,-00.576000000000,   0.49600,
,,,-00.575000000000,   0.49600,
,,,-00.574000000000,   0.49200,
,,,-00.573000000000,   0.49200,
,,,-00.572000000000,   0.49200,
,,,-00.571000000000,   0.49200,
,,,-00.570000000000,   0.49200,
,,,-00.569000000000,   0.49200,
,,,-00.568000000000,   0.49600,
,,,-00.567000000000,   0.49600,
,,,-00.566000000000,   0.48800,
,,,-00.565000000000,   0.49600,
,,,-00.564000000000,   0.49200,
,,,-00.563000000000,   0.48800,
,,,-00.562000000000,   0.49200,
,,,-00.561000000000,   0.48800,
,,,-00.560000000000,   0.49600,
,,,-00.559000000000,   0.48800,
,,,-00.558000000000,   0.49200,
,,,-00.557000000000,   0.49200,
,,,-00.556000000000,   0.48800,
,,,-00.555000000000,   0.49600,
,,,-00.554000000000,   0.49200,
,,,-00.553000000000,   0.48800,
,,,-00.552000000000,   0.49200,
,,,-00.551000000000,   0.49200,
,,,-00.550000000000,   0.49600,
,,,-00.549000000000,   0.48800,
,,,-00.548000000000,   0.49600,
,,,-00.547000000000,   0.50000,
,,,-00.546000000000,   0.49600,
,,,-00.545000000000,   0.49200,
,,,-00.544000000000,   0.49200,
,,,-00.543000000000,   0.49600,
,,,-00.542000000000,   0.49600,
,,,-00.541000000000,   0.50000,
,,,-00.540000000000,   0.49600,
,,,-00.539000000000,   0.50000,
,,,-00.538000000000,   0.49200,
,,,-00.537000000000,   0.50000,
,,,-00.536000000000,   0.50000,
,,,-00.535000000000,   0.50000,
,,,-00.534000000000,   0.50000,
,,,-00.533000000000,   0.50000,
,,,-00.532000000000,   0.50400,
,,,-00.531000000000,   0.50400,
,,,-00.530000000000,   0.50000,
,,,-00.529000000000,   0.50400,
,,,-00.528000000000,   0.50400,
,,,-00.527000000000,   0.50000,
,,,-00.526000000000,   0.50800,
,,,-00.525000000000,   0.50800,
,,,-00.524000000000,   0.50800,
,,,-00.523000000000,   0.51200,
,,,-00.522000000000,   0.50000,
,,,-00.521000000000,   0.50800,
,,,-00.520000000000,   0.51200,
,,,-00.519000000000,   0.50800,
,,,-00.518000000000,   0.50800,
,,,-00.517000000000,   0.51200,
,,,-00.516000000000,   0.51600,
,,,-00.515000000000,   0.52000,
,,,-00.514000000000,   0.51600,
,,,-00.513000000000,   0.51600,
,,,-00.512000000000,   0.52000,
,,,-00.511000000000,   0.51200,
,,,-00.510000000000,   0.52000,
,,,-00.509000000000,   0.52400,
,,,-00.508000000000,   0.52400,
,,,-00.507000000000,   0.52800,
,,,-00.506000000000,   0.53200,
,,,-00.505000000000,   0.52000,
,,,-00.504000000000,   0.53200,
,,,-00.503000000000,   0.53200,
,,,-00.502000000000,   0.52800,
,,,-00.501000000000,   0.52800,
,,,-00.500000000000,   0.54400,
,,,-00.499000000000,   0.54000,
,,,-00.498000000000,   0.54000,
,,,-00.497000000000,   0.53600,
,,,-00.496000000000,   0.54800,
,,,-00.495000000000,   0.54400,
,,,-00.494000000000,   0.54400,
,,,-00.493000000000,   0.54800,
,,,-00.492000000000,   0.54800,
,,,-00.491000000000,   0.54400,
,,,-00.490000000000,   0.55200,
,,,-00.489000000000,   0.54400,
,,,-00.488000000000,   0.55200,
,,,-00.487000000000,   0.55200,
,,,-00.486000000000,   0.54800,
,,,-00.485000000000,   0.55200,
,,,-00.484000000000,   0.55600,
,,,-00.483000000000,   0.55600,
,,,-00.482000000000,   0.55200,
,,,-00.481000000000,   0.55200,
,,,-00.480000000000,   0.54800,
,,,-00.479000000000,   0.55200,
,,,-00.478000000000,   0.55200,
,,,-00.477000000000,   0.54400,
,,,-00.476000000000,   0.55600,
,,,-00.475000000000,   0.55200,
,,,-00.474000000000,   0.55200,
,,,-00.473000000000,   0.55200,
,,,-00.472000000000,   0.54800,
,,,-00.471000000000,   0.55200,
,,,-00.470000000000,   0.54800,
,,,-00.469000000000,   0.54800,
,,,-00.468000000000,   0.54800,
,,,-00.467000000000,   0.56000,
,,,-00.466000000000,   0.54800,
,,,-00.465000000000,   0.54000,
,,,-00.464000000000,   0.54400,
,,,-00.463000000000,   0.54000,
,,,-00.462000000000,   0.54000,
,,,-00.461000000000,   0.54400,
,,,-00.460000000000,   0.54400,
,,,-00.459000000000,   0.54000,
,,,-00.458000000000,   0.54000,
,,,-00.457000000000,   0.54000,
,,,-00.456000000000,   0.54400,
,,,-00.455000000000,   0.54400,
,,,-00.454000000000,   0.53600,
,,,-00.453000000000,   0.54400,
,,,-00.452000000000,   0.54000,
,,,-00.451000000000,   0.54000,
,,,-00.450000000000,   0.54400,
,,,-00.449000000000,   0.54400,
,,,-00.448000000000,   0.54000,
,,,-00.447000000000,   0.54000,
,,,-00.446000000000,   0.54000,
,,,-00.445000000000,   0.53600,
,,,-00.444000000000,   0.53600,
,,,-00.443000000000,   0.54000,
,,,-00.442000000000,   0.54000,
,,,-00.441000000000,   0.54000,
,,,-00.440000000000,   0.54000,
,,,-00.439000000000,   0.53600,
,,,-00.438000000000,   0.53600,
,,,-00.437000000000,   0.54000,
,,,-00.436000000000,   0.54400,
,,,-00.435000000000,   0.54000,
,,,-00.434000000000,   0.54000,
,,,-00.433000000000,   0.54400,
,,,-00.432000000000,   0.54400,
,,,-00.431000000000,   0.54400,
,,,-00.430000000000,   0.54000,
,,,-00.429000000000,   0.54000,
,,,-00.428000000000,   0.54400,
,,,-00.427000000000,   0.54000,
,,,-00.426000000000,   0.54400,
,,,-00.425000000000,   0.54400,
,,,-00.424000000000,   0.54400,
,,,-00.423000000000,   0.54400,
,,,-00.422000000000,   0.55200,
,,,-00.421000000000,   0.54400,
,,,-00.420000000000,   0.54400,
,,,-00.419000000000,   0.54400,
,,,-00.418000000000,   0.54400,
,,,-00.417000000000,   0.54800,
,,,-00.416000000000,   0.55200,
,,,-00.415000000000,   0.54800,
,,,-00.414000000000,   0.54400,
,,,-00.413000000000,   0.54400,
,,,-00.412000000000,   0.54800,
,,,-00.411000000000,   0.54400,
,,,-00.410000000000,   0.55200,
,,,-00.409000000000,   0.54800,
,,,-00.408000000000,   0.54800,
,,,-00.407000000000,   0.54800,
,,,-00.406000000000,   0.54800,
,,,-00.405000000000,   0.54800,
,,,-00.404000000000,   0.54800,
,,,-00.403000000000,   0.55600,
,,,-00.402000000000,   0.55200,
,,,-00.401000000000,   0.55600,
,,,-00.400000000000,   0.55600,
,,,-00.399000000000,   0.55200,
,,,-00.398000000000,   0.55200,
,,,-00.397000000000,   0.55200,
,,,-00.396000000000,   0.55200,
,,,-00.395000000000,   0.55200,
,,,-00.394000000000,   0.55600,
,,,-00.393000000000,   0.55600,
,,,-00.392000000000,   0.55600,
,,,-00.391000000000,   0.55600,
,,,-00.390000000000,   0.56000,
,,,-00.389000000000,   0.55200,
,,,-00.388000000000,   0.55600,
,,,-00.387000000000,   0.56400,
,,,-00.386000000000,   0.56400,
,,,-00.385000000000,   0.55600,
,,,-00.384000000000,   0.57200,
,,,-00.383000000000,   0.56800,
,,,-00.382000000000,   0.56400,
,,,-00.381000000000,   0.56400,
,,,-00.380000000000,   0.56400,
,,,-00.379000000000,   0.56400,
,,,-00.378000000000,   0.56800,
,,,-00.377000000000,   0.57200,
,,,-00.376000000000,   0.57200,
,,,-00.375000000000,   0.57200,
,,,-00.374000000000,   0.56800,
,,,-00.373000000000,   0.57200,
,,,-00.372000000000,   0.57200,
,,,-00.371000000000,   0.57600,
,,,-00.370000000000,   0.57200,
,,,-00.369000000000,   0.57200,
,,,-00.368000000000,   0.58000,
,,,-00.367000000000,   0.58000,
,,,-00.366000000000,   0.58800,
,,,-00.365000000000,   0.57600,
,,,-00.364000000000,   0.58000,
,,,-00.363000000000,   0.58000,
,,,-00.362000000000,   0.58000,
,,,-00.361000000000,   0.58400,
,,,-00.360000000000,   0.58400,
,,,-00.359000000000,   0.58000,
,,,-00.358000000000,   0.58800,
,,,-00.357000000000,   0.58800,
,,,-00.356000000000,   0.58400,
,,,-00.355000000000,   0.59200,
,,,-00.354000000000,   0.59200,
,,,-00.353000000000,   0.58800,
,,,-00.352000000000,   0.59600,
,,,-00.351000000000,   0.60000,
,,,-00.350000000000,   0.60000,
,,,-00.349000000000,   0.60000,
,,,-00.348000000000,   0.59200,
,,,-00.347000000000,   0.60400,
,,,-00.346000000000,   0.60400,
,,,-00.345000000000,   0.59600,
,,,-00.344000000000,   0.60000,
,,,-00.343000000000,   0.60400,
,,,-00.342000000000,   0.60000,
,,,-00.341000000000,   0.60000,
,,,-00.340000000000,   0.60400,
,,,-00.339000000000,   0.60000,
,,,-00.338000000000,   0.60400,
,,,-00.337000000000,   0.60000,
,,,-00.336000000000,   0.60800,
,,,-00.335000000000,   0.60400,
,,,-00.334000000000,   0.60800,
,,,-00.333000000000,   0.60400,
,,,-00.332000000000,   0.60400,
,,,-00.331000000000,   0.60400,
,,,-00.330000000000,   0.60400,
,,,-00.329000000000,   0.60000,
,,,-00.328000000000,   0.60800,
,,,-00.327000000000,   0.60800,
,,,-00.326000000000,   0.60800,
,,,-00.325000000000,   0.60400,
,,,-00.324000000000,   0.59600,
,,,-00.323000000000,   0.60800,
,,,-00.322000000000,   0.60800,
,,,-00.321000000000,   0.60800,
,,,-00.320000000000,   0.60800,
,,,-00.319000000000,   0.60800,
,,,-00.318000000000,   0.61600,
,,,-00.317000000000,   0.61200,
,,,-00.316000000000,   0.61200,
,,,-00.315000000000,   0.60000,
,,,-00.314000000000,   0.60400,
,,,-00.313000000000,   0.60800,
,,,-00.312000000000,   0.60800,
,,,-00.311000000000,   0.60800,
,,,-00.310000000000,   0.60400,
,,,-00.309000000000,   0.60400,
,,,-00.308000000000,   0.60400,
,,,-00.307000000000,   0.60400,
,,,-00.306000000000,   0.60800,
,,,-00.305000000000,   0.60800,
,,,-00.304000000000,   0.60800,
,,,-00.303000000000,   0.61200,
,,,-00.302000000000,   0.60800,
,,,-00.301000000000,   0.60800,
,,,-00.300000000000,   0.61200,
,,,-00.299000000000,   0.60800,
,,,-00.298000000000,   0.60800,
,,,-00.297000000000,   0.60400,
,,,-00.296000000000,   0.60000,
,,,-00.295000000000,   0.60800,
,,,-00.294000000000,   0.61200,
,,,-00.293000000000,   0.61200,
,,,-00.292000000000,   0.60800,
,,,-00.291000000000,   0.60400,
,,,-00.290000000000,   0.60800,
,,,-00.289000000000,   0.61200,
,,,-00.288000000000,   0.61600,
,,,-00.287000000000,   0.61200,
,,,-00.286000000000,   0.61200,
,,,-00.285000000000,   0.61600,
,,,-00.284000000000,   0.61600,
,,,-00.283000000000,   0.61200,
,,,-00.282000000000,   0.61200,
,,,-00.281000000000,   0.60400,
,,,-00.280000000000,   0.61200,
,,,-00.279000000000,   0.61600,
,,,-00.278000000000,   0.61600,
,,,-00.277000000000,   0.61200,
,,,-00.276000000000,   0.61600,
,,,-00.275000000000,   0.61200,
,,,-00.274000000000,   0.61200,
,,,-00.273000000000,   0.61200,
,,,-00.272000000000,   0.61600,
,,,-00.271000000000,   0.61600,
,,,-00.270000000000,   0.61600,
,,,-00.269000000000,   0.61600,
,,,-00.268000000000,   0.61600,
,,,-00.267000000000,   0.62000,
,,,-00.266000000000,   0.61600,
,,,-00.265000000000,   0.61600,
,,,-00.264000000000,   0.62400,
,,,-00.263000000000,   0.61600,
,,,-00.262000000000,   0.62400,
,,,-00.261000000000,   0.62400,
,,,-00.260000000000,   0.62000,
,,,-00.259000000000,   0.62000,
,,,-00.258000000000,   0.61200,
,,,-00.257000000000,   0.62400,
,,,-00.256000000000,   0.62400,
,,,-00.255000000000,   0.61600,
,,,-00.254000000000,   0.62800,
,,,-00.253000000000,   0.62400,
,,,-00.252000000000,   0.62800,
,,,-00.251000000000,   0.62000,
,,,-00.250000000000,   0.62800,
,,,-00.249000000000,   0.62800,
,,,-00.248000000000,   0.62400,
,,,-00.247000000000,   0.62000,
,,,-00.246000000000,   0.62400,
,,,-00.245000000000,   0.62800,
,,,-00.244000000000,   0.62800,
,,,-00.243000000000,   0.62800,
,,,-00.242000000000,   0.62800,
,,,-00.241000000000,   0.63200,
,,,-00.240000000000,   0.63200,
,,,-00.239000000000,   0.63600,
,,,-00.238000000000,   0.63200,
,,,-00.237000000000,   0.63600,
,,,-00.236000000000,   0.63200,
,,,-00.235000000000,   0.63200,
,,,-00.234000000000,   0.63200,
,,,-00.233000000000,   0.63200,
,,,-00.232000000000,   0.63200,
,,,-00.231000000000,   0.63600,
,,,-00.230000000000,   0.64800,
,,,-00.229000000000,   0.63600,
,,,-00.228000000000,   0.64400,
,,,-00.227000000000,   0.63600,
,,,-00.226000000000,   0.63600,
,,,-00.225000000000,   0.64000,
,,,-00.224000000000,   0.63200,
,,,-00.223000000000,   0.64400,
,,,-00.222000000000,   0.63600,
,,,-00.221000000000,   0.64400,
,,,-00.220000000000,   0.64000,
,,,-00.219000000000,   0.64000,
,,,-00.218000000000,   0.64000,
,,,-00.217000000000,   0.64000,
,,,-00.216000000000,   0.64400,
,,,-00.215000000000,   0.64400,
,,,-00.214000000000,   0.64000,
,,,-00.213000000000,   0.64400,
,,,-00.212000000000,   0.64400,
,,,-00.211000000000,   0.64000,
,,,-00.210000000000,   0.64000,
,,,-00.209000000000,   0.64400,
,,,-00.208000000000,   0.64000,
,,,-00.207000000000,   0.64800,
,,,-00.206000000000,   0.64400,
,,,-00.205000000000,   0.64800,
,,,-00.204000000000,   0.64800,
,,,-00.203000000000,   0.64400,
,,,-00.202000000000,   0.64400,
,,,-00.201000000000,   0.64400,
,,,-00.200000000000,   0.64800,
,,,-00.199000000000,   0.65200,
,,,-00.198000000000,   0.64800,
,,,-00.197000000000,   0.65200,
,,,-00.196000000000,   0.65200,
,,,-00.195000000000,   0.65200,
,,,-00.194000000000,   0.65200,
,,,-00.193000000000,   0.65200,
,,,-00.192000000000,   0.64800,
,,,-00.191000000000,   0.64800,
,,,-00.190000000000,   0.65200,
,,,-00.189000000000,   0.64800,
,,,-00.188000000000,   0.65600,
,,,-00.187000000000,   0.66000,
,,,-00.186000000000,   0.65600,
,,,-00.185000000000,   0.65600,
,,,-00.184000000000,   0.66000,
,,,-00.183000000000,   0.65600,
,,,-00.182000000000,   0.66000,
,,,-00.181000000000,   0.65600,
,,,-00.180000000000,   0.65200,
,,,-00.179000000000,   0.66000,
,,,-00.178000000000,   0.66000,
,,,-00.177000000000,   0.65200,
,,,-00.176000000000,   0.65600,
,,,-00.175000000000,   0.66000,
,,,-00.174000000000,   0.66000,
,,,-00.173000000000,   0.66800,
,,,-00.172000000000,   0.66400,
,,,-00.171000000000,   0.66400,
,,,-00.170000000000,   0.66400,
,,,-00.169000000000,   0.66400,
,,,-00.168000000000,   0.66400,
,,,-00.167000000000,   0.66800,
,,,-00.166000000000,   0.68800,
,,,-00.165000000000,   0.66800,
,,,-00.164000000000,   0.66800,
,,,-00.163000000000,   0.66800,
,,,-00.162000000000,   0.66800,
,,,-00.161000000000,   0.66400,
,,,-00.160000000000,   0.66800,
,,,-00.159000000000,   0.66800,
,,,-00.158000000000,   0.66400,
,,,-00.157000000000,   0.67200,
,,,-00.156000000000,   0.66800,
,,,-00.155000000000,   0.67200,
,,,-00.154000000000,   0.67600,
,,,-00.153000000000,   0.67600,
,,,-00.152000000000,   0.67600,
,,,-00.151000000000,   0.68000,
,,,-00.150000000000,   0.67200,
,,,-00.149000000000,   0.67200,
,,,-00.148000000000,   0.67600,
,,,-00.147000000000,   0.67600,
,,,-00.146000000000,   0.67600,
,,,-00.145000000000,   0.67200,
,,,-00.144000000000,   0.67600,
,,,-00.143000000000,   0.67600,
,,,-00.142000000000,   0.67600,
,,,-00.141000000000,   0.67200,
,,,-00.140000000000,   0.67600,
,,,-00.139000000000,   0.68400,
,,,-00.138000000000,   0.68000,
,,,-00.137000000000,   0.67600,
,,,-00.136000000000,   0.67600,
,,,-00.135000000000,   0.68000,
,,,-00.134000000000,   0.68000,
,,,-00.133000000000,   0.68400,
,,,-00.132000000000,   0.68400,
,,,-00.131000000000,   0.68000,
,,,-00.130000000000,   0.68400,
,,,-00.129000000000,   0.68400,
,,,-00.128000000000,   0.68400,
,,,-00.127000000000,   0.68800,
,,,-00.126000000000,   0.68400,
,,,-00.125000000000,   0.68000,
,,,-00.124000000000,   0.68800,
,,,-00.123000000000,   0.68800,
,,,-00.122000000000,   0.68400,
,,,-00.121000000000,   0.68800,
,,,-00.120000000000,   0.68800,
,,,-00.119000000000,   0.68800,
,,,-00.118000000000,   0.68800,
,,,-00.117000000000,   0.69200,
,,,-00.116000000000,   0.68800,
,,,-00.115000000000,   0.69200,
,,,-00.114000000000,   0.69200,
,,,-00.113000000000,   0.68800,
,,,-00.112000000000,   0.68800,
,,,-00.111000000000,   0.68800,
,,,-00.110000000000,   0.69200,
,,,-00.109000000000,   0.68800,
,,,-00.108000000000,   0.68800,
,,,-00.107000000000,   0.69600,
,,,-00.106000000000,   0.69600,
,,,-00.105000000000,   0.69200,
,,,-00.104000000000,   0.69600,
,,,-00.103000000000,   0.69600,
,,,-00.102000000000,   0.69200,
,,,-00.101000000000,   0.69600,
,,,-00.100000000000,   0.69200,
,,,-00.099000000000,   0.69600,
,,,-00.098000000000,   0.69600,
,,,-00.097000000000,   0.69600,
,,,-00.096000000000,   0.69600,
,,,-00.095000000000,   0.69600,
,,,-00.094000000000,   0.69600,
,,,-00.093000000000,   0.69600,
,,,-00.092000000000,   0.70000,
,,,-00.091000000000,   0.69600,
,,,-00.090000000000,   0.69600,
,,,-00.089000000000,   0.70000,
,,,-00.088000000000,   0.70400,
,,,-00.087000000000,   0.70400,
,,,-00.086000000000,   0.70000,
,,,-00.085000000000,   0.70000,
,,,-00.084000000000,   0.70400,
,,,-00.083000000000,   0.70400,
,,,-00.082000000000,   0.70800,
,,,-00.081000000000,   0.70000,
,,,-00.080000000000,   0.70000,
,,,-00.079000000000,   0.70000,
,,,-00.078000000000,   0.70800,
,,,-00.077000000000,   0.70000,
,,,-00.076000000000,   0.70800,
,,,-00.075000000000,   0.70000,
,,,-00.074000000000,   0.70400,
,,,-00.073000000000,   0.71200,
,,,-00.072000000000,   0.70800,
,,,-00.071000000000,   0.70800,
,,,-00.070000000000,   0.70400,
,,,-00.069000000000,   0.70800,
,,,-00.068000000000,   0.70400,
,,,-00.067000000000,   0.71200,
,,,-00.066000000000,   0.71200,
,,,-00.065000000000,   0.71200,
,,,-00.064000000000,   0.71200,
,,,-00.063000000000,   0.71200,
,,,-00.062000000000,   0.70800,
,,,-00.061000000000,   0.71200,
,,,-00.060000000000,   0.71200,
,,,-00.059000000000,   0.71200,
,,,-00.058000000000,   0.70400,
,,,-00.057000000000,   0.71200,
,,,-00.056000000000,   0.71200,
,,,-00.055000000000,   0.71600,
,,,-00.054000000000,   0.71200,
,,,-00.053000000000,   0.71600,
,,,-00.052000000000,   0.71600,
,,,-00.051000000000,   0.71200,
,,,-00.050000000000,   0.71600,
,,,-00.049000000000,   0.71600,
,,,-00.048000000000,   0.71200,
,,,-00.047000000000,   0.72000,
,,,-00.046000000000,   0.72000,
,,,-00.045000000000,   0.71600,
,,,-00.044000000000,   0.71600,
,,,-00.043000000000,   0.72000,
,,,-00.042000000000,   0.72000,
,,,-00.041000000000,   0.72000,
,,,-00.040000000000,   0.72000,
,,,-00.039000000000,   0.72000,
,,,-00.038000000000,   0.72400,
,,,-00.037000000000,   0.71600,
,,,-00.036000000000,   0.72000,
,,,-00.035000000000,   0.72000,
,,,-00.034000000000,   0.72000,
,,,-00.033000000000,   0.72400,
,,,-00.032000000000,   0.72000,
,,,-00.031000000000,   0.72400,
,,,-00.030000000000,   0.71600,
,,,-00.029000000000,   0.72000,
,,,-00.028000000000,   0.72000,
,,,-00.027000000000,   0.71600,
,,,-00.026000000000,   0.72400,
,,,-00.025000000000,   0.72000,
,,,-00.024000000000,   0.72000,
,,,-00.023000000000,   0.72000,
,,,-00.022000000000,   0.72400,
,,,-00.021000000000,   0.72800,
,,,-00.020000000000,   0.72400,
,,,-00.019000000000,   0.72400,
,,,-00.018000000000,   0.72800,
,,,-00.017000000000,   0.72800,
,,,-00.016000000000,   0.72800,
,,,-00.015000000000,   0.72800,
,,,-00.014000000000,   0.72400,
,,,-00.013000000000,   0.72800,
,,,-00.012000000000,   0.73200,
,,,-00.011000000000,   0.72400,
,,,-00.010000000000,   0.72800,
,,,-00.009000000000,   0.73200,
,,,-00.008000000000,   0.72800,
,,,-00.007000000000,   0.72800,
,,,-00.006000000000,   0.72800,
,,,-00.005000000000,   0.72800,
,,,-00.004000000000,   0.73600,
,,,-00.003000000000,   0.73200,
,,,-00.002000000000,   0.73200,
,,,-00.001000000000,   0.73200,
,,,-00.000000000000,   0.73200,
,,,00.001000000000,   0.73200,
,,,00.002000000000,   0.73200,
,,,00.003000000000,   0.73200,
,,,00.004000000000,   0.73200,
,,,00.005000000000,   0.73200,
,,,00.006000000000,   0.72800,
,,,00.007000000000,   0.73200,
,,,00.008000000000,   0.73200,
,,,00.009000000000,   0.73600,
,,,00.010000000000,   0.73600,
,,,00.011000000000,   0.73200,
,,,00.012000000000,   0.74000,
,,,00.013000000000,   0.73200,
,,,00.014000000000,   0.73600,
,,,00.015000000000,   0.74000,
,,,00.016000000000,   0.73200,
,,,00.017000000000,   0.73600,
,,,00.018000000000,   0.74400,
,,,00.019000000000,   0.73600,
,,,00.020000000000,   0.73200,
,,,00.021000000000,   0.74000,
,,,00.022000000000,   0.74000,
,,,00.023000000000,   0.73600,
,,,00.024000000000,   0.73200,
,,,00.025000000000,   0.73600,
,,,00.026000000000,   0.74400,
,,,00.027000000000,   0.74000,
,,,00.028000000000,   0.73600,
,,,00.029000000000,   0.73200,
,,,00.030000000000,   0.74400,
,,,00.031000000000,   0.74000,
,,,00.032000000000,   0.73600,
,,,00.033000000000,   0.73600,
,,,00.034000000000,   0.73600,
,,,00.035000000000,   0.73600,
,,,00.036000000000,   0.73600,
,,,00.037000000000,   0.73200,
,,,00.038000000000,   0.73200,
,,,00.039000000000,   0.73200,
,,,00.040000000000,   0.72800,
,,,00.041000000000,   0.73200,
,,,00.042000000000,   0.72800,
,,,00.043000000000,   0.73200,
,,,00.044000000000,   0.73200,
,,,00.045000000000,   0.73200,
,,,00.046000000000,   0.73200,
,,,00.047000000000,   0.72800,
,,,00.048000000000,   0.73200,
,,,00.049000000000,   0.73200,
,,,00.050000000000,   0.73200,
,,,00.051000000000,   0.73200,
,,,00.052000000000,   0.73200,
,,,00.053000000000,   0.72800,
,,,00.054000000000,   0.72400,
,,,00.055000000000,   0.73200,
,,,00.056000000000,   0.72800,
,,,00.057000000000,   0.72800,
,,,00.058000000000,   0.73200,
,,,00.059000000000,   0.72400,
,,,00.060000000000,   0.72400,
,,,00.061000000000,   0.73200,
,,,00.062000000000,   0.72400,
,,,00.063000000000,   0.72400,
,,,00.064000000000,   0.72800,
,,,00.065000000000,   0.72400,
,,,00.066000000000,   0.72800,
,,,00.067000000000,   0.72800,
,,,00.068000000000,   0.72800,
,,,00.069000000000,   0.72400,
,,,00.070000000000,   0.72400,
,,,00.071000000000,   0.72400,
,,,00.072000000000,   0.72000,
,,,00.073000000000,   0.72400,
,,,00.074000000000,   0.72400,
,,,00.075000000000,   0.72000,
,,,00.076000000000,   0.72400,
,,,00.077000000000,   0.72000,
,,,00.078000000000,   0.72000,
,,,00.079000000000,   0.72400,
,,,00.080000000000,   0.72800,
,,,00.081000000000,   0.72000,
,,,00.082000000000,   0.72000,
,,,00.083000000000,   0.72000,
,,,00.084000000000,   0.72400,
,,,00.085000000000,   0.72400,
,,,00.086000000000,   0.71600,
,,,00.087000000000,   0.71600,
,,,00.088000000000,   0.71600,
,,,00.089000000000,   0.71600,
,,,00.090000000000,   0.72000,
,,,00.091000000000,   0.72000,
,,,00.092000000000,   0.71600,
,,,00.093000000000,   0.71600,
,,,00.094000000000,   0.71600,
,,,00.095000000000,   0.71600,
,,,00.096000000000,   0.71200,
,,,00.097000000000,   0.71600,
,,,00.098000000000,   0.71600,
,,,00.099000000000,   0.71600,
,,,00.100000000000,   0.72000,
,,,00.101000000000,   0.71200,
,,,00.102000000000,   0.71200,
,,,00.103000000000,   0.70800,
,,,00.104000000000,   0.71200,
,,,00.105000000000,   0.70800,
,,,00.106000000000,   0.71200,
,,,00.107000000000,   0.71600,
,,,00.108000000000,   0.71200,
,,,00.109000000000,   0.70800,
,,,00.110000000000,   0.71200,
,,,00.111000000000,   0.71200,
,,,00.112000000000,   0.71200,
,,,00.113000000000,   0.70800,
,,,00.114000000000,   0.70800,
,,,00.115000000000,   0.70800,
,,,00.116000000000,   0.70800,
,,,00.117000000000,   0.71200,
,,,00.118000000000,   0.70800,
,,,00.119000000000,   0.71600,
,,,00.120000000000,   0.70800,
,,,00.121000000000,   0.70400,
,,,00.122000000000,   0.70400,
,,,00.123000000000,   0.70400,
,,,00.124000000000,   0.70800,
,,,00.125000000000,   0.70400,
,,,00.126000000000,   0.70400,
,,,00.127000000000,   0.70400,
,,,00.128000000000,   0.70800,
,,,00.129000000000,   0.70800,
,,,00.130000000000,   0.70000,
,,,00.131000000000,   0.70400,
,,,00.132000000000,   0.70000,
,,,00.133000000000,   0.69600,
,,,00.134000000000,   0.70000,
,,,00.135000000000,   0.70000,
,,,00.136000000000,   0.69600,
,,,00.137000000000,   0.70400,
,,,00.138000000000,   0.69600,
,,,00.139000000000,   0.70000,
,,,00.140000000000,   0.70000,
,,,00.141000000000,   0.70000,
,,,00.142000000000,   0.69600,
,,,00.143000000000,   0.69600,
,,,00.144000000000,   0.69600,
,,,00.145000000000,   0.69200,
,,,00.146000000000,   0.69600,
,,,00.147000000000,   0.68400,
,,,00.148000000000,   0.69600,
,,,00.149000000000,   0.69600,
,,,00.150000000000,   0.69600,
,,,00.151000000000,   0.69200,
,,,00.152000000000,   0.68800,
,,,00.153000000000,   0.69200,
,,,00.154000000000,   0.69600,
,,,00.155000000000,   0.68800,
,,,00.156000000000,   0.69200,
,,,00.157000000000,   0.69200,
,,,00.158000000000,   0.68800,
,,,00.159000000000,   0.68800,
,,,00.160000000000,   0.68800,
,,,00.161000000000,   0.68800,
,,,00.162000000000,   0.68800,
,,,00.163000000000,   0.68400,
,,,00.164000000000,   0.69200,
,,,00.165000000000,   0.69200,
,,,00.166000000000,   0.68800,
,,,00.167000000000,   0.68800,
,,,00.168000000000,   0.68400,
,,,00.169000000000,   0.68400,
,,,00.170000000000,   0.68400,
,,,00.171000000000,   0.68800,
,,,00.172000000000,   0.68400,
,,,00.173000000000,   0.68400,
,,,00.174000000000,   0.68400,
,,,00.175000000000,   0.68400,
,,,00.176000000000,   0.68400,
,,,00.177000000000,   0.68400,
,,,00.178000000000,   0.68000,
,,,00.179000000000,   0.68000,
,,,00.180000000000,   0.68400,
,,,00.181000000000,   0.68400,
,,,00.182000000000,   0.68000,
,,,00.183000000000,   0.68000,
,,,00.184000000000,   0.68000,
,,,00.185000000000,   0.68000,
,,,00.186000000000,   0.68000,
,,,00.187000000000,   0.68000,
,,,00.188000000000,   0.68000,
,,,00.189000000000,   0.68000,
,,,00.190000000000,   0.67600,
,,,00.191000000000,   0.68000,
,,,00.192000000000,   0.67200,
,,,00.193000000000,   0.67600,
,,,00.194000000000,   0.67200,
,,,00.195000000000,   0.67600,
,,,00.196000000000,   0.67600,
,,,00.197000000000,   0.67200,
,,,00.198000000000,   0.67200,
,,,00.199000000000,   0.67200,
,,,00.200000000000,   0.67200,
,,,00.201000000000,   0.67200,
,,,00.202000000000,   0.67200,
,,,00.203000000000,   0.66800,
,,,00.204000000000,   0.67200,
,,,00.205000000000,   0.67200,
,,,00.206000000000,   0.67200,
,,,00.207000000000,   0.67200,
,,,00.208000000000,   0.66400,
,,,00.209000000000,   0.66800,
,,,00.210000000000,   0.66800,
,,,00.211000000000,   0.67200,
,,,00.212000000000,   0.66800,
,,,00.213000000000,   0.66400,
,,,00.214000000000,   0.66400,
,,,00.215000000000,   0.66800,
,,,00.216000000000,   0.66400,
,,,00.217000000000,   0.67200,
,,,00.218000000000,   0.66800,
,,,00.219000000000,   0.66000,
,,,00.220000000000,   0.66000,
,,,00.221000000000,   0.66400,
,,,00.222000000000,   0.66000,
,,,00.223000000000,   0.66800,
,,,00.224000000000,   0.65600,
,,,00.225000000000,   0.65600,
,,,00.226000000000,   0.66400,
,,,00.227000000000,   0.65200,
,,,00.228000000000,   0.65600,
,,,00.229000000000,   0.65600,
,,,00.230000000000,   0.66000,
,,,00.231000000000,   0.66000,
,,,00.232000000000,   0.65600,
,,,00.233000000000,   0.65200,
,,,00.234000000000,   0.65600,
,,,00.235000000000,   0.65600,
,,,00.236000000000,   0.65600,
,,,00.237000000000,   0.65600,
,,,00.238000000000,   0.65200,
,,,00.239000000000,   0.64800,
,,,00.240000000000,   0.65200,
,,,00.241000000000,   0.65200,
,,,00.242000000000,   0.65200,
,,,00.243000000000,   0.64800,
,,,00.244000000000,   0.65600,
,,,00.245000000000,   0.65600,
,,,00.246000000000,   0.64800,
,,,00.247000000000,   0.64800,
,,,00.248000000000,   0.65200,
,,,00.249000000000,   0.65200,
,,,00.250000000000,   0.64800,
,,,00.251000000000,   0.64800,
,,,00.252000000000,   0.64400,
,,,00.253000000000,   0.64400,
,,,00.254000000000,   0.64800,
,,,00.255000000000,   0.64400,
,,,00.256000000000,   0.64800,
,,,00.257000000000,   0.64400,
,,,00.258000000000,   0.64400,
,,,00.259000000000,   0.64400,
,,,00.260000000000,   0.64800,
,,,00.261000000000,   0.64400,
,,,00.262000000000,   0.64400,
,,,00.263000000000,   0.64400,
,,,00.264000000000,   0.64400,
,,,00.265000000000,   0.64000,
,,,00.266000000000,   0.64800,
,,,00.267000000000,   0.64400,
,,,00.268000000000,   0.64000,
,,,00.269000000000,   0.64000,
,,,00.270000000000,   0.63600,
,,,00.271000000000,   0.64400,
,,,00.272000000000,   0.63600,
,,,00.273000000000,   0.64000,
,,,00.274000000000,   0.63600,
,,,00.275000000000,   0.63200,
,,,00.276000000000,   0.63600,
,,,00.277000000000,   0.63200,
,,,00.278000000000,   0.63600,
,,,00.279000000000,   0.64000,
,,,00.280000000000,   0.63600,
,,,00.281000000000,   0.63200,
,,,00.282000000000,   0.63600,
,,,00.283000000000,   0.63600,
,,,00.284000000000,   0.63200,
,,,00.285000000000,   0.63200,
,,,00.286000000000,   0.62800,
,,,00.287000000000,   0.63200,
,,,00.288000000000,   0.63600,
,,,00.289000000000,   0.63600,
,,,00.290000000000,   0.62800,
,,,00.291000000000,   0.62400,
,,,00.292000000000,   0.62800,
,,,00.293000000000,   0.63200,
,,,00.294000000000,   0.62400,
,,,00.295000000000,   0.62800,
,,,00.296000000000,   0.62800,
,,,00.297000000000,   0.63200,
,,,00.298000000000,   0.62400,
,,,00.299000000000,   0.62400,
,,,00.300000000000,   0.62800,
,,,00.301000000000,   0.62000,
,,,00.302000000000,   0.62000,
,,,00.303000000000,   0.62400,
,,,00.304000000000,   0.62400,
,,,00.305000000000,   0.62000,
,,,00.306000000000,   0.62400,
,,,00.307000000000,   0.62400,
,,,00.308000000000,   0.62000,
,,,00.309000000000,   0.61600,
,,,00.310000000000,   0.61600,
,,,00.311000000000,   0.62000,
,,,00.312000000000,   0.61600,
,,,00.313000000000,   0.62000,
,,,00.314000000000,   0.61600,
,,,00.315000000000,   0.61600,
,,,00.316000000000,   0.61600,
,,,00.317000000000,   0.62000,
,,,00.318000000000,   0.61600,
,,,00.319000000000,   0.61600,
,,,00.320000000000,   0.61600,
,,,00.321000000000,   0.61600,
,,,00.322000000000,   0.61600,
,,,00.323000000000,   0.61200,
,,,00.324000000000,   0.61200,
,,,00.325000000000,   0.61600,
,,,00.326000000000,   0.60400,
,,,00.327000000000,   0.61600,
,,,00.328000000000,   0.61600,
,,,00.329000000000,   0.61200,
,,,00.330000000000,   0.61200,
,,,00.331000000000,   0.61200,
,,,00.332000000000,   0.61200,
,,,00.333000000000,   0.60800,
,,,00.334000000000,   0.61200,
,,,00.335000000000,   0.60800,
,,,00.336000000000,   0.61600,
,,,00.337000000000,   0.60800,
,,,00.338000000000,   0.60800,
,,,00.339000000000,   0.60800,
,,,00.340000000000,   0.60800,
,,,00.341000000000,   0.60400,
,,,00.342000000000,   0.60800,
,,,00.343000000000,   0.60400,
,,,00.344000000000,   0.60800,
,,,00.345000000000,   0.60800,
,,,00.346000000000,   0.60400,
,,,00.347000000000,   0.61600,
,,,00.348000000000,   0.60800,
,,,00.349000000000,   0.60800,
,,,00.350000000000,   0.60400,
,,,00.351000000000,   0.60400,
,,,00.352000000000,   0.60400,
,,,00.353000000000,   0.60800,
,,,00.354000000000,   0.60800,
,,,00.355000000000,   0.60400,
,,,00.356000000000,   0.60800,
,,,00.357000000000,   0.60400,
,,,00.358000000000,   0.60000,
,,,00.359000000000,   0.60400,
,,,00.360000000000,   0.60400,
,,,00.361000000000,   0.60800,
,,,00.362000000000,   0.60400,
,,,00.363000000000,   0.60400,
,,,00.364000000000,   0.60800,
,,,00.365000000000,   0.60400,
,,,00.366000000000,   0.60800,
,,,00.367000000000,   0.60400,
,,,00.368000000000,   0.60400,
,,,00.369000000000,   0.60400,
,,,00.370000000000,   0.60800,
,,,00.371000000000,   0.60800,
,,,00.372000000000,   0.60800,
,,,00.373000000000,   0.60400,
,,,00.374000000000,   0.60400,
,,,00.375000000000,   0.60400,
,,,00.376000000000,   0.60000,
,,,00.377000000000,   0.60400,
,,,00.378000000000,   0.60400,
,,,00.379000000000,   0.60400,
,,,00.380000000000,   0.60800,
,,,00.381000000000,   0.60800,
,,,00.382000000000,   0.60400,
,,,00.383000000000,   0.60400,
,,,00.384000000000,   0.60400,
,,,00.385000000000,   0.60800,
,,,00.386000000000,   0.60400,
,,,00.387000000000,   0.60000,
,,,00.388000000000,   0.60400,
,,,00.389000000000,   0.60000,
,,,00.390000000000,   0.60000,
,,,00.391000000000,   0.60400,
,,,00.392000000000,   0.59600,
,,,00.393000000000,   0.60000,
,,,00.394000000000,   0.60400,
,,,00.395000000000,   0.60000,
,,,00.396000000000,   0.59200,
,,,00.397000000000,   0.60400,
,,,00.398000000000,   0.60000,
,,,00.399000000000,   0.59600,
,,,00.400000000000,   0.60400,
,,,00.401000000000,   0.60000,
,,,00.402000000000,   0.58800,
,,,00.403000000000,   0.59600,
,,,00.404000000000,   0.59200,
,,,00.405000000000,   0.58800,
,,,00.406000000000,   0.58800,
,,,00.407000000000,   0.58800,
,,,00.408000000000,   0.59200,
,,,00.409000000000,   0.58400,
,,,00.410000000000,   0.58000,
,,,00.411000000000,   0.58400,
,,,00.412000000000,   0.59200,
,,,00.413000000000,   0.58000,
,,,00.414000000000,   0.58000,
,,,00.415000000000,   0.58000,
,,,00.416000000000,   0.58400,
,,,00.417000000000,   0.58000,
,,,00.418000000000,   0.57600,
,,,00.419000000000,   0.57600,
,,,00.420000000000,   0.57600,
,,,00.421000000000,   0.56800,
,,,00.422000000000,   0.58000,
,,,00.423000000000,   0.56800,
,,,00.424000000000,   0.57200,
,,,00.425000000000,   0.57200,
,,,00.426000000000,   0.57200,
,,,00.427000000000,   0.57200,
,,,00.428000000000,   0.57200,
,,,00.429000000000,   0.56800,
,,,00.430000000000,   0.56800,
,,,00.431000000000,   0.56800,
,,,00.432000000000,   0.56400,
,,,00.433000000000,   0.56800,
,,,00.434000000000,   0.56800,
,,,00.435000000000,   0.56400,
,,,00.436000000000,   0.56000,
,,,00.437000000000,   0.56400,
,,,00.438000000000,   0.56000,
,,,00.439000000000,   0.56400,
,,,00.440000000000,   0.56000,
,,,00.441000000000,   0.55600,
,,,00.442000000000,   0.55600,
,,,00.443000000000,   0.55200,
,,,00.444000000000,   0.55600,
,,,00.445000000000,   0.56000,
,,,00.446000000000,   0.56000,
,,,00.447000000000,   0.56000,
,,,00.448000000000,   0.55600,
,,,00.449000000000,   0.55200,
,,,00.450000000000,   0.55600,
,,,00.451000000000,   0.55600,
,,,00.452000000000,   0.55600,
,,,00.453000000000,   0.56000,
,,,00.454000000000,   0.55200,
,,,00.455000000000,   0.54800,
,,,00.456000000000,   0.54800,
,,,00.457000000000,   0.55200,
,,,00.458000000000,   0.54400,
,,,00.459000000000,   0.54400,
,,,00.460000000000,   0.54800,
,,,00.461000000000,   0.55200,
,,,00.462000000000,   0.54800,
,,,00.463000000000,   0.54400,
,,,00.464000000000,   0.54400,
,,,00.465000000000,   0.54400,
,,,00.466000000000,   0.54800,
,,,00.467000000000,   0.55200,
,,,00.468000000000,   0.54400,
,,,00.469000000000,   0.54400,
,,,00.470000000000,   0.54400,
,,,00.471000000000,   0.54400,
,,,00.472000000000,   0.54400,
,,,00.473000000000,   0.54000,
,,,00.474000000000,   0.54000,
,,,00.475000000000,   0.53600,
,,,00.476000000000,   0.54800,
,,,00.477000000000,   0.54000,
,,,00.478000000000,   0.54400,
,,,00.479000000000,   0.54400,
,,,00.480000000000,   0.54000,
,,,00.481000000000,   0.54000,
,,,00.482000000000,   0.54000,
,,,00.483000000000,   0.54000,
,,,00.484000000000,   0.54400,
,,,00.485000000000,   0.54000,
,,,00.486000000000,   0.54000,
,,,00.487000000000,   0.54000,
,,,00.488000000000,   0.54000,
,,,00.489000000000,   0.54000,
,,,00.490000000000,   0.54000,
,,,00.491000000000,   0.53200,
,,,00.492000000000,   0.54000,
,,,00.493000000000,   0.53600,
,,,00.494000000000,   0.54000,
,,,00.495000000000,   0.54000,
,,,00.496000000000,   0.54000,
,,,00.497000000000,   0.53200,
,,,00.498000000000,   0.54000,
,,,00.499000000000,   0.54000,
,,,00.500000000000,   0.54400,
,,,00.501000000000,   0.54000,
,,,00.502000000000,   0.54000,
,,,00.503000000000,   0.54000,
,,,00.504000000000,   0.54000,
,,,00.505000000000,   0.53600,
,,,00.506000000000,   0.53600,
,,,00.507000000000,   0.54000,
,,,00.508000000000,   0.54000,
,,,00.509000000000,   0.53600,
,,,00.510000000000,   0.54800,
,,,00.511000000000,   0.54000,
,,,00.512000000000,   0.54000,
,,,00.513000000000,   0.54400,
,,,00.514000000000,   0.54000,
,,,00.515000000000,   0.54000,
,,,00.516000000000,   0.54000,
,,,00.517000000000,   0.54400,
,,,00.518000000000,   0.54400,
,,,00.519000000000,   0.54000,
,,,00.520000000000,   0.54400,
,,,00.521000000000,   0.54400,
,,,00.522000000000,   0.54400,
,,,00.523000000000,   0.54400,
,,,00.524000000000,   0.54400,
,,,00.525000000000,   0.54800,
,,,00.526000000000,   0.54800,
,,,00.527000000000,   0.54800,
,,,00.528000000000,   0.55200,
,,,00.529000000000,   0.54800,
,,,00.530000000000,   0.54800,
,,,00.531000000000,   0.54800,
,,,00.532000000000,   0.55200,
,,,00.533000000000,   0.55200,
,,,00.534000000000,   0.55200,
,,,00.535000000000,   0.55200,
,,,00.536000000000,   0.54800,
,,,00.537000000000,   0.55600,
,,,00.538000000000,   0.54400,
,,,00.539000000000,   0.54800,
,,,00.540000000000,   0.54800,
,,,00.541000000000,   0.54800,
,,,00.542000000000,   0.54400,
,,,00.543000000000,   0.55600,
,,,00.544000000000,   0.55200,
,,,00.545000000000,   0.55200,
,,,00.546000000000,   0.55200,
,,,00.547000000000,   0.54800,
,,,00.548000000000,   0.54400,
,,,00.549000000000,   0.54400,
,,,00.550000000000,   0.54400,
,,,00.551000000000,   0.54400,
,,,00.552000000000,   0.54000,
,,,00.553000000000,   0.54400,
,,,00.554000000000,   0.53600,
,,,00.555000000000,   0.54000,
,,,00.556000000000,   0.54000,
,,,00.557000000000,   0.53600,
,,,00.558000000000,   0.53200,
,,,00.559000000000,   0.53200,
,,,00.560000000000,   0.53600,
,,,00.561000000000,   0.53200,
,,,00.562000000000,   0.52400,
,,,00.563000000000,   0.52800,
,,,00.564000000000,   0.52400,
,,,00.565000000000,   0.52400,
,,,00.566000000000,   0.52800,
,,,00.567000000000,   0.52000,
,,,00.568000000000,   0.52000,
,,,00.569000000000,   0.52000,
,,,00.570000000000,   0.51600,
,,,00.571000000000,   0.52000,
,,,00.572000000000,   0.51600,
,,,00.573000000000,   0.50800,
,,,00.574000000000,   0.51200,
,,,00.575000000000,   0.50400,
,,,00.576000000000,   0.50800,
,,,00.577000000000,   0.51200,
,,,00.578000000000,   0.51200,
,,,00.579000000000,   0.50800,
,,,00.580000000000,   0.50800,
,,,00.581000000000,   0.50800,
,,,00.582000000000,   0.50800,
,,,00.583000000000,   0.50400,
,,,00.584000000000,   0.50800,
,,,00.585000000000,   0.50800,
,,,00.586000000000,   0.50400,
,,,00.587000000000,   0.49600,
,,,00.588000000000,   0.50000,
,,,00.589000000000,   0.50000,
,,,00.590000000000,   0.49600,
,,,00.591000000000,   0.50000,
,,,00.592000000000,   0.49600,
,,,00.593000000000,   0.50000,
,,,00.594000000000,   0.50000,
,,,00.595000000000,   0.49600,
,,,00.596000000000,   0.49200,
,,,00.597000000000,   0.49200,
,,,00.598000000000,   0.49600,
,,,00.599000000000,   0.49200,
,,,00.600000000000,   0.49600,
,,,00.601000000000,   0.49600,
,,,00.602000000000,   0.49600,
,,,00.603000000000,   0.49600,
,,,00.604000000000,   0.49200,
,,,00.605000000000,   0.49200,
,,,00.606000000000,   0.49200,
,,,00.607000000000,   0.49200,
,,,00.608000000000,   0.48800,
,,,00.609000000000,   0.48800,
,,,00.610000000000,   0.49600,
,,,00.611000000000,   0.49600,
,,,00.612000000000,   0.49600,
,,,00.613000000000,   0.49200,
,,,00.614000000000,   0.49200,
,,,00.615000000000,   0.49200,
,,,00.616000000000,   0.49600,
,,,00.617000000000,   0.49200,
,,,00.618000000000,   0.48800,
,,,00.619000000000,   0.49200,
,,,00.620000000000,   0.48800,
,,,00.621000000000,   0.48800,
,,,00.622000000000,   0.48800,
,,,00.623000000000,   0.49200,
,,,00.624000000000,   0.49200,
,,,00.625000000000,   0.49200,
,,,00.626000000000,   0.49200,
,,,00.627000000000,   0.49200,
,,,00.628000000000,   0.49600,
,,,00.629000000000,   0.49600,
,,,00.630000000000,   0.48400,
,,,00.631000000000,   0.49200,
,,,00.632000000000,   0.49600,
,,,00.633000000000,   0.49600,
,,,00.634000000000,   0.49600,
,,,00.635000000000,   0.48800,
,,,00.636000000000,   0.49200,
,,,00.637000000000,   0.49600,
,,,00.638000000000,   0.48400,
,,,00.639000000000,   0.49600,
,,,00.640000000000,   0.49600,
,,,00.641000000000,   0.49200,
,,,00.642000000000,   0.49600,
,,,00.643000000000,   0.50000,
,,,00.644000000000,   0.50000,
,,,00.645000000000,   0.49600,
,,,00.646000000000,   0.50000,
,,,00.647000000000,   0.49600,
,,,00.648000000000,   0.50000,
,,,00.649000000000,   0.50000,
,,,00.650000000000,   0.50000,
,,,00.651000000000,   0.50000,
,,,00.652000000000,   0.49600,
,,,00.653000000000,   0.50000,
,,,00.654000000000,   0.50400,
,,,00.655000000000,   0.50000,
,,,00.656000000000,   0.50000,
,,,00.657000000000,   0.50400,
,,,00.658000000000,   0.50400,
,,,00.659000000000,   0.50000,
,,,00.660000000000,   0.50400,
,,,00.661000000000,   0.51200,
,,,00.662000000000,   0.50400,
,,,00.663000000000,   0.50800,
,,,00.664000000000,   0.50800,
,,,00.665000000000,   0.50800,
,,,00.666000000000,   0.50400,
,,,00.667000000000,   0.50800,
,,,00.668000000000,   0.50000,
,,,00.669000000000,   0.50000,
,,,00.670000000000,   0.50000,
,,,00.671000000000,   0.50000,
,,,00.672000000000,   0.50000,
,,,00.673000000000,   0.49600,
,,,00.674000000000,   0.49600,
,,,00.675000000000,   0.50000,
,,,00.676000000000,   0.50400,
,,,00.677000000000,   0.50000,
,,,00.678000000000,   0.50000,
,,,00.679000000000,   0.50000,
,,,00.680000000000,   0.50000,
,,,00.681000000000,   0.50000,
,,,00.682000000000,   0.50000,
,,,00.683000000000,   0.50000,
,,,00.684000000000,   0.50000,
,,,00.685000000000,   0.49600,
,,,00.686000000000,   0.50000,
,,,00.687000000000,   0.50000,
,,,00.688000000000,   0.50000,
,,,00.689000000000,   0.50000,
,,,00.690000000000,   0.50400,
,,,00.691000000000,   0.49600,
,,,00.692000000000,   0.50000,
,,,00.693000000000,   0.49600,
,,,00.694000000000,   0.49200,
,,,00.695000000000,   0.49600,
,,,00.696000000000,   0.50800,
,,,00.697000000000,   0.49200,
,,,00.698000000000,   0.49200,
,,,00.699000000000,   0.49600,
,,,00.700000000000,   0.49600,
,,,00.701000000000,   0.49200,
,,,00.702000000000,   0.49200,
,,,00.703000000000,   0.49200,
,,,00.704000000000,   0.48800,
,,,00.705000000000,   0.48400,
,,,00.706000000000,   0.48800,
,,,00.707000000000,   0.49200,
,,,00.708000000000,   0.48800,
,,,00.709000000000,   0.48400,
,,,00.710000000000,   0.48400,
,,,00.711000000000,   0.48000,
,,,00.712000000000,   0.48400,
,,,00.713000000000,   0.47600,
,,,00.714000000000,   0.48400,
,,,00.715000000000,   0.48000,
,,,00.716000000000,   0.48400,
,,,00.717000000000,   0.47600,
,,,00.718000000000,   0.47600,
,,,00.719000000000,   0.47600,
,,,00.720000000000,   0.47600,
,,,00.721000000000,   0.47600,
,,,00.722000000000,   0.47600,
,,,00.723000000000,   0.47600,
,,,00.724000000000,   0.46800,
,,,00.725000000000,   0.47200,
,,,00.726000000000,   0.47200,
,,,00.727000000000,   0.46800,
,,,00.728000000000,   0.46800,
,,,00.729000000000,   0.46400,
,,,00.730000000000,   0.46800,
,,,00.731000000000,   0.47200,
,,,00.732000000000,   0.46800,
,,,00.733000000000,   0.47200,
,,,00.734000000000,   0.47200,
,,,00.735000000000,   0.47200,
,,,00.736000000000,   0.46400,
,,,00.737000000000,   0.46800,
,,,00.738000000000,   0.46800,
,,,00.739000000000,   0.47200,
,,,00.740000000000,   0.46800,
,,,00.741000000000,   0.46800,
,,,00.742000000000,   0.46400,
,,,00.743000000000,   0.46800,
,,,00.744000000000,   0.46800,
,,,00.745000000000,   0.46400,
,,,00.746000000000,   0.46400,
,,,00.747000000000,   0.46800,
,,,00.748000000000,   0.46800,
,,,00.749000000000,   0.46800,
,,,00.750000000000,   0.46400,
,,,00.751000000000,   0.46400,
,,,00.752000000000,   0.46400,
,,,00.753000000000,   0.46400,
,,,00.754000000000,   0.46400,
,,,00.755000000000,   0.46400,
,,,00.756000000000,   0.46400,
,,,00.757000000000,   0.46400,
,,,00.758000000000,   0.46000,
,,,00.759000000000,   0.46400,
,,,00.760000000000,   0.46000,
,,,00.761000000000,   0.46000,
,,,00.762000000000,   0.46000,
,,,00.763000000000,   0.46400,
,,,00.764000000000,   0.46400,
,,,00.765000000000,   0.46400,
,,,00.766000000000,   0.46400,
,,,00.767000000000,   0.46000,
,,,00.768000000000,   0.46400,
,,,00.769000000000,   0.45600,
,,,00.770000000000,   0.46000,
,,,00.771000000000,   0.46800,
,,,00.772000000000,   0.45600,
,,,00.773000000000,   0.46000,
,,,00.774000000000,   0.45600,
,,,00.775000000000,   0.46000,
,,,00.776000000000,   0.46000,
,,,00.777000000000,   0.45600,
,,,00.778000000000,   0.45600,
,,,00.779000000000,   0.46000,
,,,00.780000000000,   0.46800,
,,,00.781000000000,   0.46400,
,,,00.782000000000,   0.46000,
,,,00.783000000000,   0.46400,
,,,00.784000000000,   0.46400,
,,,00.785000000000,   0.46000,
,,,00.786000000000,   0.46400,
,,,00.787000000000,   0.46000,
,,,00.788000000000,   0.46000,
,,,00.789000000000,   0.46400,
,,,00.790000000000,   0.45600,
,,,00.791000000000,   0.46000,
,,,00.792000000000,   0.46000,
,,,00.793000000000,   0.45600,
,,,00.794000000000,   0.45600,
,,,00.795000000000,   0.46000,
,,,00.796000000000,   0.46800,
,,,00.797000000000,   0.46400,
,,,00.798000000000,   0.45600,
,,,00.799000000000,   0.46000,
,,,00.800000000000,   0.46400,
,,,00.801000000000,   0.46000,
,,,00.802000000000,   0.45600,
,,,00.803000000000,   0.45600,
,,,00.804000000000,   0.45600,
,,,00.805000000000,   0.46400,
,,,00.806000000000,   0.46000,
,,,00.807000000000,   0.45600,
,,,00.808000000000,   0.45600,
,,,00.809000000000,   0.45600,
,,,00.810000000000,   0.46400,
,,,00.811000000000,   0.46000,
,,,00.812000000000,   0.45600,
,,,00.813000000000,   0.45600,
,,,00.814000000000,   0.45600,
,,,00.815000000000,   0.46000,
,,,00.816000000000,   0.45600,
,,,00.817000000000,   0.45600,
,,,00.818000000000,   0.45600,
,,,00.819000000000,   0.45600,
,,,00.820000000000,   0.45600,
,,,00.821000000000,   0.45600,
,,,00.822000000000,   0.46000,
,,,00.823000000000,   0.46000,
,,,00.824000000000,   0.45600,
,,,00.825000000000,   0.45200,
,,,00.826000000000,   0.45200,
,,,00.827000000000,   0.45600,
,,,00.828000000000,   0.45600,
,,,00.829000000000,   0.46000,
,,,00.830000000000,   0.45600,
,,,00.831000000000,   0.46000,
,,,00.832000000000,   0.46000,
,,,00.833000000000,   0.46000,
,,,00.834000000000,   0.45600,
,,,00.835000000000,   0.45200,
,,,00.836000000000,   0.45600,
,,,00.837000000000,   0.45600,
,,,00.838000000000,   0.45200,
,,,00.839000000000,   0.45600,
,,,00.840000000000,   0.46000,
,,,00.841000000000,   0.45600,
,,,00.842000000000,   0.46000,
,,,00.843000000000,   0.46000,
,,,00.844000000000,   0.46400,
,,,00.845000000000,   0.46000,
,,,00.846000000000,   0.46000,
,,,00.847000000000,   0.46000,
,,,00.848000000000,   0.46000,
,,,00.849000000000,   0.45600,
,,,00.850000000000,   0.46400,
,,,00.851000000000,   0.45600,
,,,00.852000000000,   0.46000,
,,,00.853000000000,   0.46400,
,,,00.854000000000,   0.46000,
,,,00.855000000000,   0.46400,
,,,00.856000000000,   0.46400,
,,,00.857000000000,   0.46400,
,,,00.858000000000,   0.46000,
,,,00.859000000000,   0.46400,
,,,00.860000000000,   0.46000,
,,,00.861000000000,   0.46400,
,,,00.862000000000,   0.46400,
,,,00.863000000000,   0.46400,
,,,00.864000000000,   0.46800,
,,,00.865000000000,   0.46800,
,,,00.866000000000,   0.46400,
,,,00.867000000000,   0.46800,
,,,00.868000000000,   0.46800,
,,,00.869000000000,   0.46800,
,,,00.870000000000,   0.46800,
,,,00.871000000000,   0.46800,
,,,00.872000000000,   0.47200,
,,,00.873000000000,   0.47200,
,,,00.874000000000,   0.46800,
,,,00.875000000000,   0.47200,
,,,00.876000000000,   0.47200,
,,,00.877000000000,   0.47200,
,,,00.878000000000,   0.47600,
,,,00.879000000000,   0.46800,
,,,00.880000000000,   0.48400,
,,,00.881000000000,   0.47600,
,,,00.882000000000,   0.47200,
,,,00.883000000000,   0.47600,
,,,00.884000000000,   0.48000,
,,,00.885000000000,   0.48000,
,,,00.886000000000,   0.47600,
,,,00.887000000000,   0.48400,
,,,00.888000000000,   0.48800,
,,,00.889000000000,   0.48800,
,,,00.890000000000,   0.48800,
,,,00.891000000000,   0.48800,
,,,00.892000000000,   0.48800,
,,,00.893000000000,   0.48800,
,,,00.894000000000,   0.48800,
,,,00.895000000000,   0.49600,
,,,00.896000000000,   0.49600,
,,,00.897000000000,   0.50000,
,,,00.898000000000,   0.49200,
,,,00.899000000000,   0.49600,
,,,00.900000000000,   0.50000,
,,,00.901000000000,   0.50000,
,,,00.902000000000,   0.50000,
,,,00.903000000000,   0.50400,
,,,00.904000000000,   0.50000,
,,,00.905000000000,   0.50000,
,,,00.906000000000,   0.50400,
,,,00.907000000000,   0.50400,
,,,00.908000000000,   0.50400,
,,,00.909000000000,   0.50400,
,,,00.910000000000,   0.50800,
,,,00.911000000000,   0.50800,
,,,00.912000000000,   0.51200,
,,,00.913000000000,   0.50800,
,,,00.914000000000,   0.50800,
,,,00.915000000000,   0.50800,
,,,00.916000000000,   0.50800,
,,,00.917000000000,   0.50400,
,,,00.918000000000,   0.50400,
,,,00.919000000000,   0.50400,
,,,00.920000000000,   0.50400,
,,,00.921000000000,   0.50400,
,,,00.922000000000,   0.50400,
,,,00.923000000000,   0.50000,
,,,00.924000000000,   0.49600,
,,,00.925000000000,   0.49200,
,,,00.926000000000,   0.50000,
,,,00.927000000000,   0.50000,
,,,00.928000000000,   0.50000,
,,,00.929000000000,   0.49600,
,,,00.930000000000,   0.50000,
,,,00.931000000000,   0.50000,
,,,00.932000000000,   0.50000,
,,,00.933000000000,   0.50000,
,,,00.934000000000,   0.50400,
,,,00.935000000000,   0.49600,
,,,00.936000000000,   0.50000,
,,,00.937000000000,   0.50400,
,,,00.938000000000,   0.50000,
,,,00.939000000000,   0.50000,
,,,00.940000000000,   0.50000,
,,,00.941000000000,   0.50000,
,,,00.942000000000,   0.50400,
,,,00.943000000000,   0.50000,
,,,00.944000000000,   0.50000,
,,,00.945000000000,   0.50400,
,,,00.946000000000,   0.50400,
,,,00.947000000000,   0.50400,
,,,00.948000000000,   0.50400,
,,,00.949000000000,   0.50000,
,,,00.950000000000,   0.50400,
,,,00.951000000000,   0.50800,
,,,00.952000000000,   0.50400,
,,,00.953000000000,   0.50800,
,,,00.954000000000,   0.50400,
,,,00.955000000000,   0.50800,
,,,00.956000000000,   0.50800,
,,,00.957000000000,   0.50000,
,,,00.958000000000,   0.50800,
,,,00.959000000000,   0.50400,
,,,00.960000000000,   0.51200,
,,,00.961000000000,   0.51200,
,,,00.962000000000,   0.50400,
,,,00.963000000000,   0.51200,
,,,00.964000000000,   0.51200,
,,,00.965000000000,   0.51600,
,,,00.966000000000,   0.51200,
,,,00.967000000000,   0.51600,
,,,00.968000000000,   0.51600,
,,,00.969000000000,   0.51600,
,,,00.970000000000,   0.51600,
,,,00.971000000000,   0.51600,
,,,00.972000000000,   0.51600,
,,,00.973000000000,   0.52000,
,,,00.974000000000,   0.51600,
,,,00.975000000000,   0.51200,
,,,00.976000000000,   0.52400,
,,,00.977000000000,   0.52400,
,,,00.978000000000,   0.52000,
,,,00.979000000000,   0.52000,
,,,00.980000000000,   0.52800,
,,,00.981000000000,   0.52000,
,,,00.982000000000,   0.52000,
,,,00.983000000000,   0.52800,
,,,00.984000000000,   0.52800,
,,,00.985000000000,   0.52800,
,,,00.986000000000,   0.52800,
,,,00.987000000000,   0.52800,
,,,00.988000000000,   0.53200,
,,,00.989000000000,   0.52800,
,,,00.990000000000,   0.52800,
,,,00.991000000000,   0.52800,
,,,00.992000000000,   0.52800,
,,,00.993000000000,   0.53200,
,,,00.994000000000,   0.54000,
,,,00.995000000000,   0.53600,
,,,00.996000000000,   0.54000,
,,,00.997000000000,   0.54000,
,,,00.998000000000,   0.53200,
,,,00.999000000000,   0.54000,
,,,01.000000000000,   0.54000,
,,,01.001000000000,   0.54400,
,,,01.002000000000,   0.53200,
,,,01.003000000000,   0.54400,
,,,01.004000000000,   0.54000,
,,,01.005000000000,   0.54000,
,,,01.006000000000,   0.54000,
,,,01.007000000000,   0.54000,
,,,01.008000000000,   0.54000,
,,,01.009000000000,   0.54000,
,,,01.010000000000,   0.54800,
,,,01.011000000000,   0.55200,
,,,01.012000000000,   0.54400,
,,,01.013000000000,   0.54800,
,,,01.014000000000,   0.55200,
,,,01.015000000000,   0.54400,
,,,01.016000000000,   0.55200,
,,,01.017000000000,   0.54800,
,,,01.018000000000,   0.55600,
,,,01.019000000000,   0.55600,
,,,01.020000000000,   0.55200,
,,,01.021000000000,   0.55200,
,,,01.022000000000,   0.56000,
,,,01.023000000000,   0.55200,
,,,01.024000000000,   0.55200,
,,,01.025000000000,   0.56000,
,,,01.026000000000,   0.56000,
,,,01.027000000000,   0.55600,
,,,01.028000000000,   0.56400,
,,,01.029000000000,   0.56400,
,,,01.030000000000,   0.56000,
,,,01.031000000000,   0.56000,
,,,01.032000000000,   0.56000,
,,,01.033000000000,   0.56400,
,,,01.034000000000,   0.56800,
,,,01.035000000000,   0.56800,
,,,01.036000000000,   0.56400,
,,,01.037000000000,   0.56400,
,,,01.038000000000,   0.56800,
,,,01.039000000000,   0.56800,
,,,01.040000000000,   0.56800,
,,,01.041000000000,   0.57200,
,,,01.042000000000,   0.57200,
,,,01.043000000000,   0.56400,
,,,01.044000000000,   0.56800,
,,,01.045000000000,   0.57200,
,,,01.046000000000,   0.57200,
,,,01.047000000000,   0.57600,
,,,01.048000000000,   0.58000,
,,,01.049000000000,   0.57600,
,,,01.050000000000,   0.58000,
,,,01.051000000000,   0.58000,
,,,01.052000000000,   0.58000,
,,,01.053000000000,   0.58400,
,,,01.054000000000,   0.58800,
,,,01.055000000000,   0.58000,
,,,01.056000000000,   0.58000,
,,,01.057000000000,   0.58000,
,,,01.058000000000,   0.58800,
,,,01.059000000000,   0.58400,
,,,01.060000000000,   0.59200,
,,,01.061000000000,   0.58800,
,,,01.062000000000,   0.58800,
,,,01.063000000000,   0.58800,
,,,01.064000000000,   0.58800,
,,,01.065000000000,   0.58800,
,,,01.066000000000,   0.59200,
,,,01.067000000000,   0.59200,
,,,01.068000000000,   0.58800,
,,,01.069000000000,   0.59600,
,,,01.070000000000,   0.60000,
,,,01.071000000000,   0.59200,
,,,01.072000000000,   0.59600,
,,,01.073000000000,   0.60000,
,,,01.074000000000,   0.59200,
,,,01.075000000000,   0.60000,
,,,01.076000000000,   0.60400,
,,,01.077000000000,   0.60000,
,,,01.078000000000,   0.60000,
,,,01.079000000000,   0.60000,
,,,01.080000000000,   0.60800,
,,,01.081000000000,   0.60800,
,,,01.082000000000,   0.60800,
,,,01.083000000000,   0.60400,
,,,01.084000000000,   0.61200,
,,,01.085000000000,   0.60800,
,,,01.086000000000,   0.60800,
,,,01.087000000000,   0.61200,
,,,01.088000000000,   0.60800,
,,,01.089000000000,   0.61200,
,,,01.090000000000,   0.61200,
,,,01.091000000000,   0.61200,
,,,01.092000000000,   0.62000,
,,,01.093000000000,   0.61600,
,,,01.094000000000,   0.61600,
,,,01.095000000000,   0.62400,
,,,01.096000000000,   0.61600,
,,,01.097000000000,   0.62000,
,,,01.098000000000,   0.62000,
,,,01.099000000000,   0.62000,
,,,01.100000000000,   0.62400,
,,,01.101000000000,   0.62400,
,,,01.102000000000,   0.62400,
,,,01.103000000000,   0.62400,
,,,01.104000000000,   0.63200,
,,,01.105000000000,   0.62800,
,,,01.106000000000,   0.62400,
,,,01.107000000000,   0.62400,
,,,01.108000000000,   0.63200,
,,,01.109000000000,   0.63200,
,,,01.110000000000,   0.62800,
,,,01.111000000000,   0.62400,
,,,01.112000000000,   0.63200,
,,,01.113000000000,   0.62400,
,,,01.114000000000,   0.62400,
,,,01.115000000000,   0.62400,
,,,01.116000000000,   0.62400,
,,,01.117000000000,   0.62400,
,,,01.118000000000,   0.61600,
,,,01.119000000000,   0.62400,
,,,01.120000000000,   0.62000,
,,,01.121000000000,   0.61600,
,,,01.122000000000,   0.61200,
,,,01.123000000000,   0.61600,
,,,01.124000000000,   0.61600,
,,,01.125000000000,   0.61600,
,,,01.126000000000,   0.61600,
,,,01.127000000000,   0.62000,
,,,01.128000000000,   0.61600,
,,,01.129000000000,   0.61600,
,,,01.130000000000,   0.61200,
,,,01.131000000000,   0.61200,
,,,01.132000000000,   0.60400,
,,,01.133000000000,   0.60800,
,,,01.134000000000,   0.61200,
,,,01.135000000000,   0.60800,
,,,01.136000000000,   0.60400,
,,,01.137000000000,   0.60400,
,,,01.138000000000,   0.60800,
,,,01.139000000000,   0.60000,
,,,01.140000000000,   0.60400,
,,,01.141000000000,   0.60000,
,,,01.142000000000,   0.60000,
,,,01.143000000000,   0.60000,
,,,01.144000000000,   0.60400,
,,,01.145000000000,   0.59600,
,,,01.146000000000,   0.60000,
,,,01.147000000000,   0.59600,
,,,01.148000000000,   0.60000,
,,,01.149000000000,   0.59600,
,,,01.150000000000,   0.59600,
,,,01.151000000000,   0.59200,
,,,01.152000000000,   0.59600,
,,,01.153000000000,   0.59200,
,,,01.154000000000,   0.59200,
,,,01.155000000000,   0.59600,
,,,01.156000000000,   0.59200,
,,,01.157000000000,   0.58800,
,,,01.158000000000,   0.58400,
,,,01.159000000000,   0.58800,
,,,01.160000000000,   0.58400,
,,,01.161000000000,   0.58800,
,,,01.162000000000,   0.58400,
,,,01.163000000000,   0.57600,
,,,01.164000000000,   0.58400,
,,,01.165000000000,   0.58400,
,,,01.166000000000,   0.58000,
,,,01.167000000000,   0.58400,
,,,01.168000000000,   0.58400,
,,,01.169000000000,   0.58000,
,,,01.170000000000,   0.58000,
,,,01.171000000000,   0.57200,
,,,01.172000000000,   0.57600,
,,,01.173000000000,   0.57600,
,,,01.174000000000,   0.57200,
,,,01.175000000000,   0.57200,
,,,01.176000000000,   0.57200,
,,,01.177000000000,   0.57600,
,,,01.178000000000,   0.56800,
,,,01.179000000000,   0.56800,
,,,01.180000000000,   0.57200,
,,,01.181000000000,   0.56800,
,,,01.182000000000,   0.57200,
,,,01.183000000000,   0.56800,
,,,01.184000000000,   0.56800,
,,,01.185000000000,   0.56800,
,,,01.186000000000,   0.56400,
,,,01.187000000000,   0.56000,
,,,01.188000000000,   0.56000,
,,,01.189000000000,   0.55600,
,,,01.190000000000,   0.56400,
,,,01.191000000000,   0.56000,
,,,01.192000000000,   0.56000,
,,,01.193000000000,   0.56400,
,,,01.194000000000,   0.56000,
,,,01.195000000000,   0.55600,
,,,01.196000000000,   0.56000,
,,,01.197000000000,   0.55200,
,,,01.198000000000,   0.55600,
,,,01.199000000000,   0.55200,
,,,01.200000000000,   0.55200,
,,,01.201000000000,   0.55600,
,,,01.202000000000,   0.54400,
,,,01.203000000000,   0.54800,
,,,01.204000000000,   0.55200,
,,,01.205000000000,   0.54400,
,,,01.206000000000,   0.54400,
,,,01.207000000000,   0.54400,
,,,01.208000000000,   0.54400,
,,,01.209000000000,   0.54800,
,,,01.210000000000,   0.54400,
,,,01.211000000000,   0.54400,
,,,01.212000000000,   0.54000,
,,,01.213000000000,   0.54000,
,,,01.214000000000,   0.54000,
,,,01.215000000000,   0.54400,
,,,01.216000000000,   0.54000,
,,,01.217000000000,   0.54400,
,,,01.218000000000,   0.54000,
,,,01.219000000000,   0.54000,
,,,01.220000000000,   0.53600,
,,,01.221000000000,   0.53600,
,,,01.222000000000,   0.53200,
,,,01.223000000000,   0.53600,
,,,01.224000000000,   0.53600,
,,,01.225000000000,   0.52800,
,,,01.226000000000,   0.53600,
,,,01.227000000000,   0.52800,
,,,01.228000000000,   0.52800,
,,,01.229000000000,   0.53200,
,,,01.230000000000,   0.52800,
,,,01.231000000000,   0.53200,
,,,01.232000000000,   0.52800,
,,,01.233000000000,   0.53200,
,,,01.234000000000,   0.52800,
,,,01.235000000000,   0.52800,
,,,01.236000000000,   0.52800,
,,,01.237000000000,   0.52000,
,,,01.238000000000,   0.52400,
,,,01.239000000000,   0.52400,
,,,01.240000000000,   0.52400,
,,,01.241000000000,   0.52400,
,,,01.242000000000,   0.51600,
,,,01.243000000000,   0.52000,
,,,01.244000000000,   0.52000,
,,,01.245000000000,   0.51600,
,,,01.246000000000,   0.52000,
,,,01.247000000000,   0.51600,
,,,01.248000000000,   0.52400,
,,,01.249000000000,   0.52000,
